DateObserved,HourObserved,LocalTimeZone,ReportingArea,StateCode,Latitude,Longitude,ParameterName,AQI,Category
2020-05-28 ,0,EST,Concord,NH,43.2069,-71.5342,OZONE,25,"{'Number': 1, 'Name': 'Good'}"
2020-05-29 ,0,EST,Concord,NH,43.2069,-71.5342,OZONE,33,"{'Number': 1, 'Name': 'Good'}"
2020-05-30 ,0,EST,Concord,NH,43.2069,-71.5342,OZONE,36,"{'Number': 1, 'Name': 'Good'}"
2020-05-31 ,0,EST,Concord,NH,43.2069,-71.5342,OZONE,31,"{'Number': 1, 'Name': 'Good'}"
2020-05-01 ,0,EST,Rider University,NJ,40.2828,-74.7467,OZONE,41,"{'Number': 1, 'Name': 'Good'}"
2020-05-01 ,0,EST,Rider University,NJ,40.2828,-74.7467,PM2.5,29,"{'Number': 1, 'Name': 'Good'}"
2020-05-02 ,0,EST,Rider University,NJ,40.2828,-74.7467,OZONE,40,"{'Number': 1, 'Name': 'Good'}"
2020-05-02 ,0,EST,Rider University,NJ,40.2828,-74.7467,PM2.5,15,"{'Number': 1, 'Name': 'Good'}"
2020-05-03 ,0,EST,Rider University,NJ,40.2828,-74.7467,OZONE,48,"{'Number': 1, 'Name': 'Good'}"
2020-05-03 ,0,EST,Rider University,NJ,40.2828,-74.7467,PM2.5,22,"{'Number': 1, 'Name': 'Good'}"
2020-05-04 ,0,EST,Rider University,NJ,40.2828,-74.7467,OZONE,43,"{'Number': 1, 'Name': 'Good'}"
2020-05-04 ,0,EST,Rider University,NJ,40.2828,-74.7467,PM2.5,42,"{'Number': 1, 'Name': 'Good'}"
2020-05-05 ,0,EST,Rider University,NJ,40.2828,-74.7467,OZONE,43,"{'Number': 1, 'Name': 'Good'}"
2020-05-05 ,0,EST,Rider University,NJ,40.2828,-74.7467,PM2.5,17,"{'Number': 1, 'Name': 'Good'}"
2020-05-06 ,0,EST,Rider University,NJ,40.2828,-74.7467,OZONE,37,"{'Number': 1, 'Name': 'Good'}"
2020-05-06 ,0,EST,Rider University,NJ,40.2828,-74.7467,PM2.5,35,"{'Number': 1, 'Name': 'Good'}"
2020-05-07 ,0,EST,Rider University,NJ,40.2828,-74.7467,OZONE,44,"{'Number': 1, 'Name': 'Good'}"
2020-05-07 ,0,EST,Rider University,NJ,40.2828,-74.7467,PM2.5,21,"{'Number': 1, 'Name': 'Good'}"
2020-05-08 ,0,EST,Rider University,NJ,40.2828,-74.7467,OZONE,30,"{'Number': 1, 'Name': 'Good'}"
2020-05-08 ,0,EST,Rider University,NJ,40.2828,-74.7467,PM2.5,23,"{'Number': 1, 'Name': 'Good'}"
2020-05-09 ,0,EST,Rider University,NJ,40.2828,-74.7467,OZONE,31,"{'Number': 1, 'Name': 'Good'}"
2020-05-09 ,0,EST,Rider University,NJ,40.2828,-74.7467,PM2.5,11,"{'Number': 1, 'Name': 'Good'}"
2020-05-10 ,0,EST,Rider University,NJ,40.2828,-74.7467,OZONE,44,"{'Number': 1, 'Name': 'Good'}"
2020-05-10 ,0,EST,Rider University,NJ,40.2828,-74.7467,PM2.5,21,"{'Number': 1, 'Name': 'Good'}"
2020-05-11 ,0,EST,Rider University,NJ,40.2828,-74.7467,OZONE,33,"{'Number': 1, 'Name': 'Good'}"
2020-05-11 ,0,EST,Rider University,NJ,40.2828,-74.7467,PM2.5,24,"{'Number': 1, 'Name': 'Good'}"
2020-05-12 ,0,EST,Rider University,NJ,40.2828,-74.7467,OZONE,39,"{'Number': 1, 'Name': 'Good'}"
2020-05-12 ,0,EST,Rider University,NJ,40.2828,-74.7467,PM2.5,17,"{'Number': 1, 'Name': 'Good'}"
2020-05-13 ,0,EST,Rider University,NJ,40.2828,-74.7467,OZONE,47,"{'Number': 1, 'Name': 'Good'}"
2020-05-13 ,0,EST,Rider University,NJ,40.2828,-74.7467,PM2.5,24,"{'Number': 1, 'Name': 'Good'}"
2020-05-14 ,0,EST,Rider University,NJ,40.2828,-74.7467,OZONE,49,"{'Number': 1, 'Name': 'Good'}"
2020-05-14 ,0,EST,Rider University,NJ,40.2828,-74.7467,PM2.5,22,"{'Number': 1, 'Name': 'Good'}"
2020-05-15 ,0,EST,Rider University,NJ,40.2828,-74.7467,OZONE,67,"{'Number': 2, 'Name': 'Moderate'}"
2020-05-15 ,0,EST,Rider University,NJ,40.2828,-74.7467,PM2.5,38,"{'Number': 1, 'Name': 'Good'}"
2020-05-16 ,0,EST,Rider University,NJ,40.2828,-74.7467,OZONE,39,"{'Number': 1, 'Name': 'Good'}"
2020-05-16 ,0,EST,Rider University,NJ,40.2828,-74.7467,PM2.5,23,"{'Number': 1, 'Name': 'Good'}"
2020-05-17 ,0,EST,Rider University,NJ,40.2828,-74.7467,OZONE,40,"{'Number': 1, 'Name': 'Good'}"
2020-05-17 ,0,EST,Rider University,NJ,40.2828,-74.7467,PM2.5,26,"{'Number': 1, 'Name': 'Good'}"
2020-05-18 ,0,EST,Rider University,NJ,40.2828,-74.7467,OZONE,42,"{'Number': 1, 'Name': 'Good'}"
2020-05-18 ,0,EST,Rider University,NJ,40.2828,-74.7467,PM2.5,21,"{'Number': 1, 'Name': 'Good'}"
2020-05-19 ,0,EST,Rider University,NJ,40.2828,-74.7467,OZONE,39,"{'Number': 1, 'Name': 'Good'}"
2020-05-19 ,0,EST,Rider University,NJ,40.2828,-74.7467,PM2.5,24,"{'Number': 1, 'Name': 'Good'}"
2020-05-20 ,0,EST,Rider University,NJ,40.2828,-74.7467,OZONE,37,"{'Number': 1, 'Name': 'Good'}"
2020-05-20 ,0,EST,Rider University,NJ,40.2828,-74.7467,PM2.5,23,"{'Number': 1, 'Name': 'Good'}"
2020-05-21 ,0,EST,Rider University,NJ,40.2828,-74.7467,OZONE,38,"{'Number': 1, 'Name': 'Good'}"
2020-05-21 ,0,EST,Rider University,NJ,40.2828,-74.7467,PM2.5,28,"{'Number': 1, 'Name': 'Good'}"
2020-05-22 ,0,EST,Rider University,NJ,40.2828,-74.7467,OZONE,30,"{'Number': 1, 'Name': 'Good'}"
2020-05-22 ,0,EST,Rider University,NJ,40.2828,-74.7467,PM2.5,15,"{'Number': 1, 'Name': 'Good'}"
2020-05-23 ,0,EST,Rider University,NJ,40.2828,-74.7467,OZONE,31,"{'Number': 1, 'Name': 'Good'}"
2020-05-23 ,0,EST,Rider University,NJ,40.2828,-74.7467,PM2.5,32,"{'Number': 1, 'Name': 'Good'}"
2020-05-24 ,0,EST,Rider University,NJ,40.2828,-74.7467,OZONE,36,"{'Number': 1, 'Name': 'Good'}"
2020-05-24 ,0,EST,Rider University,NJ,40.2828,-74.7467,PM2.5,35,"{'Number': 1, 'Name': 'Good'}"
2020-05-25 ,0,EST,Rider University,NJ,40.2828,-74.7467,OZONE,30,"{'Number': 1, 'Name': 'Good'}"
2020-05-25 ,0,EST,Rider University,NJ,40.2828,-74.7467,PM2.5,25,"{'Number': 1, 'Name': 'Good'}"
2020-05-26 ,0,EST,Rider University,NJ,40.2828,-74.7467,OZONE,30,"{'Number': 1, 'Name': 'Good'}"
2020-05-26 ,0,EST,Rider University,NJ,40.2828,-74.7467,PM2.5,16,"{'Number': 1, 'Name': 'Good'}"
2020-05-27 ,0,EST,Rider University,NJ,40.2828,-74.7467,OZONE,30,"{'Number': 1, 'Name': 'Good'}"
2020-05-27 ,0,EST,Rider University,NJ,40.2828,-74.7467,PM2.5,20,"{'Number': 1, 'Name': 'Good'}"
2020-05-28 ,0,EST,Rider University,NJ,40.2828,-74.7467,OZONE,15,"{'Number': 1, 'Name': 'Good'}"
2020-05-28 ,0,EST,Rider University,NJ,40.2828,-74.7467,PM2.5,17,"{'Number': 1, 'Name': 'Good'}"
2020-05-29 ,0,EST,Rider University,NJ,40.2828,-74.7467,OZONE,29,"{'Number': 1, 'Name': 'Good'}"
2020-05-29 ,0,EST,Rider University,NJ,40.2828,-74.7467,PM2.5,19,"{'Number': 1, 'Name': 'Good'}"
2020-05-30 ,0,EST,Rider University,NJ,40.2828,-74.7467,OZONE,45,"{'Number': 1, 'Name': 'Good'}"
2020-05-30 ,0,EST,Rider University,NJ,40.2828,-74.7467,PM2.5,37,"{'Number': 1, 'Name': 'Good'}"
2020-05-31 ,0,EST,Rider University,NJ,40.2828,-74.7467,OZONE,35,"{'Number': 1, 'Name': 'Good'}"
2020-05-31 ,0,EST,Rider University,NJ,40.2828,-74.7467,PM2.5,11,"{'Number': 1, 'Name': 'Good'}"
2020-05-01 ,0,EST,Upper Hudson Valley Region,NY,42.5884,-73.5646,OZONE,34,"{'Number': 1, 'Name': 'Good'}"
2020-05-01 ,0,EST,Upper Hudson Valley Region,NY,42.5884,-73.5646,PM2.5,13,"{'Number': 1, 'Name': 'Good'}"
2020-05-02 ,0,EST,Upper Hudson Valley Region,NY,42.5884,-73.5646,OZONE,41,"{'Number': 1, 'Name': 'Good'}"
2020-05-02 ,0,EST,Upper Hudson Valley Region,NY,42.5884,-73.5646,PM2.5,19,"{'Number': 1, 'Name': 'Good'}"
2020-05-03 ,0,EST,Upper Hudson Valley Region,NY,42.5884,-73.5646,OZONE,49,"{'Number': 1, 'Name': 'Good'}"
2020-05-03 ,0,EST,Upper Hudson Valley Region,NY,42.5884,-73.5646,PM2.5,26,"{'Number': 1, 'Name': 'Good'}"
2020-05-04 ,0,EST,Upper Hudson Valley Region,NY,42.5884,-73.5646,OZONE,31,"{'Number': 1, 'Name': 'Good'}"
2020-05-04 ,0,EST,Upper Hudson Valley Region,NY,42.5884,-73.5646,PM2.5,12,"{'Number': 1, 'Name': 'Good'}"
2020-05-05 ,0,EST,Upper Hudson Valley Region,NY,42.5884,-73.5646,OZONE,35,"{'Number': 1, 'Name': 'Good'}"
2020-05-05 ,0,EST,Upper Hudson Valley Region,NY,42.5884,-73.5646,PM2.5,15,"{'Number': 1, 'Name': 'Good'}"
2020-05-06 ,0,EST,Upper Hudson Valley Region,NY,42.5884,-73.5646,OZONE,39,"{'Number': 1, 'Name': 'Good'}"
2020-05-06 ,0,EST,Upper Hudson Valley Region,NY,42.5884,-73.5646,PM2.5,25,"{'Number': 1, 'Name': 'Good'}"
2020-05-07 ,0,EST,Upper Hudson Valley Region,NY,42.5884,-73.5646,OZONE,42,"{'Number': 1, 'Name': 'Good'}"
2020-05-07 ,0,EST,Upper Hudson Valley Region,NY,42.5884,-73.5646,PM2.5,18,"{'Number': 1, 'Name': 'Good'}"
2020-05-08 ,0,EST,Upper Hudson Valley Region,NY,42.5884,-73.5646,OZONE,36,"{'Number': 1, 'Name': 'Good'}"
2020-05-08 ,0,EST,Upper Hudson Valley Region,NY,42.5884,-73.5646,PM2.5,16,"{'Number': 1, 'Name': 'Good'}"
2020-05-09 ,0,EST,Upper Hudson Valley Region,NY,42.5884,-73.5646,OZONE,31,"{'Number': 1, 'Name': 'Good'}"
2020-05-09 ,0,EST,Upper Hudson Valley Region,NY,42.5884,-73.5646,PM2.5,9,"{'Number': 1, 'Name': 'Good'}"
2020-05-10 ,0,EST,Upper Hudson Valley Region,NY,42.5884,-73.5646,OZONE,41,"{'Number': 1, 'Name': 'Good'}"
2020-05-10 ,0,EST,Upper Hudson Valley Region,NY,42.5884,-73.5646,PM2.5,20,"{'Number': 1, 'Name': 'Good'}"
2020-05-11 ,0,EST,Upper Hudson Valley Region,NY,42.5884,-73.5646,OZONE,35,"{'Number': 1, 'Name': 'Good'}"
2020-05-11 ,0,EST,Upper Hudson Valley Region,NY,42.5884,-73.5646,PM2.5,30,"{'Number': 1, 'Name': 'Good'}"
2020-05-12 ,0,EST,Upper Hudson Valley Region,NY,42.5884,-73.5646,OZONE,38,"{'Number': 1, 'Name': 'Good'}"
2020-05-12 ,0,EST,Upper Hudson Valley Region,NY,42.5884,-73.5646,PM2.5,17,"{'Number': 1, 'Name': 'Good'}"
2020-05-13 ,0,EST,Upper Hudson Valley Region,NY,42.5884,-73.5646,OZONE,39,"{'Number': 1, 'Name': 'Good'}"
2020-05-13 ,0,EST,Upper Hudson Valley Region,NY,42.5884,-73.5646,PM2.5,21,"{'Number': 1, 'Name': 'Good'}"
2020-05-14 ,0,EST,Upper Hudson Valley Region,NY,42.5884,-73.5646,OZONE,47,"{'Number': 1, 'Name': 'Good'}"
2020-05-14 ,0,EST,Upper Hudson Valley Region,NY,42.5884,-73.5646,PM2.5,26,"{'Number': 1, 'Name': 'Good'}"
2020-05-15 ,0,EST,Upper Hudson Valley Region,NY,42.5884,-73.5646,OZONE,44,"{'Number': 1, 'Name': 'Good'}"
2020-05-15 ,0,EST,Upper Hudson Valley Region,NY,42.5884,-73.5646,PM2.5,40,"{'Number': 1, 'Name': 'Good'}"
2020-05-16 ,0,EST,Upper Hudson Valley Region,NY,42.5884,-73.5646,OZONE,37,"{'Number': 1, 'Name': 'Good'}"
2020-05-16 ,0,EST,Upper Hudson Valley Region,NY,42.5884,-73.5646,PM2.5,18,"{'Number': 1, 'Name': 'Good'}"
2020-05-17 ,0,EST,Upper Hudson Valley Region,NY,42.5884,-73.5646,OZONE,41,"{'Number': 1, 'Name': 'Good'}"
2020-05-17 ,0,EST,Upper Hudson Valley Region,NY,42.5884,-73.5646,PM2.5,27,"{'Number': 1, 'Name': 'Good'}"
2020-05-18 ,0,EST,Upper Hudson Valley Region,NY,42.5884,-73.5646,OZONE,38,"{'Number': 1, 'Name': 'Good'}"
2020-05-18 ,0,EST,Upper Hudson Valley Region,NY,42.5884,-73.5646,PM2.5,32,"{'Number': 1, 'Name': 'Good'}"
2020-05-19 ,0,EST,Upper Hudson Valley Region,NY,42.5884,-73.5646,OZONE,40,"{'Number': 1, 'Name': 'Good'}"
2020-05-19 ,0,EST,Upper Hudson Valley Region,NY,42.5884,-73.5646,PM2.5,20,"{'Number': 1, 'Name': 'Good'}"
2020-05-20 ,0,EST,Upper Hudson Valley Region,NY,42.5884,-73.5646,OZONE,41,"{'Number': 1, 'Name': 'Good'}"
2020-05-20 ,0,EST,Upper Hudson Valley Region,NY,42.5884,-73.5646,PM2.5,21,"{'Number': 1, 'Name': 'Good'}"
2020-05-21 ,0,EST,Upper Hudson Valley Region,NY,42.5884,-73.5646,OZONE,49,"{'Number': 1, 'Name': 'Good'}"
2020-05-21 ,0,EST,Upper Hudson Valley Region,NY,42.5884,-73.5646,PM2.5,20,"{'Number': 1, 'Name': 'Good'}"
2020-05-22 ,0,EST,Upper Hudson Valley Region,NY,42.5884,-73.5646,OZONE,44,"{'Number': 1, 'Name': 'Good'}"
2020-05-22 ,0,EST,Upper Hudson Valley Region,NY,42.5884,-73.5646,PM2.5,39,"{'Number': 1, 'Name': 'Good'}"
2020-05-23 ,0,EST,Upper Hudson Valley Region,NY,42.5884,-73.5646,OZONE,44,"{'Number': 1, 'Name': 'Good'}"
2020-05-23 ,0,EST,Upper Hudson Valley Region,NY,42.5884,-73.5646,PM2.5,25,"{'Number': 1, 'Name': 'Good'}"
2020-05-24 ,0,EST,Upper Hudson Valley Region,NY,42.5884,-73.5646,OZONE,40,"{'Number': 1, 'Name': 'Good'}"
2020-05-24 ,0,EST,Upper Hudson Valley Region,NY,42.5884,-73.5646,PM2.5,26,"{'Number': 1, 'Name': 'Good'}"
2020-05-25 ,0,EST,Upper Hudson Valley Region,NY,42.5884,-73.5646,OZONE,32,"{'Number': 1, 'Name': 'Good'}"
2020-05-25 ,0,EST,Upper Hudson Valley Region,NY,42.5884,-73.5646,PM2.5,22,"{'Number': 1, 'Name': 'Good'}"
2020-05-26 ,0,EST,Upper Hudson Valley Region,NY,42.5884,-73.5646,PM2.5,38,"{'Number': 1, 'Name': 'Good'}"
2020-05-27 ,0,EST,Upper Hudson Valley Region,NY,42.5884,-73.5646,OZONE,48,"{'Number': 1, 'Name': 'Good'}"
2020-05-27 ,0,EST,Upper Hudson Valley Region,NY,42.5884,-73.5646,PM2.5,28,"{'Number': 1, 'Name': 'Good'}"
2020-05-28 ,0,EST,Upper Hudson Valley Region,NY,42.5884,-73.5646,OZONE,25,"{'Number': 1, 'Name': 'Good'}"
2020-05-28 ,0,EST,Upper Hudson Valley Region,NY,42.5884,-73.5646,PM2.5,22,"{'Number': 1, 'Name': 'Good'}"
2020-05-29 ,0,EST,Upper Hudson Valley Region,NY,42.5884,-73.5646,OZONE,34,"{'Number': 1, 'Name': 'Good'}"
2020-05-29 ,0,EST,Upper Hudson Valley Region,NY,42.5884,-73.5646,PM2.5,28,"{'Number': 1, 'Name': 'Good'}"
2020-05-30 ,0,EST,Upper Hudson Valley Region,NY,42.5884,-73.5646,OZONE,38,"{'Number': 1, 'Name': 'Good'}"
2020-05-30 ,0,EST,Upper Hudson Valley Region,NY,42.5884,-73.5646,PM2.5,22,"{'Number': 1, 'Name': 'Good'}"
2020-05-31 ,0,EST,Upper Hudson Valley Region,NY,42.5884,-73.5646,OZONE,29,"{'Number': 1, 'Name': 'Good'}"
2020-05-31 ,0,EST,Upper Hudson Valley Region,NY,42.5884,-73.5646,PM2.5,9,"{'Number': 1, 'Name': 'Good'}"
2020-05-01 ,0,CST,Bismarck,ND,46.8253,-100.7681,OZONE,33,"{'Number': 1, 'Name': 'Good'}"
2020-05-01 ,0,CST,Bismarck,ND,46.8253,-100.7681,PM2.5,24,"{'Number': 1, 'Name': 'Good'}"
2020-05-02 ,0,CST,Bismarck,ND,46.8253,-100.7681,OZONE,43,"{'Number': 1, 'Name': 'Good'}"
2020-05-02 ,0,CST,Bismarck,ND,46.8253,-100.7681,PM2.5,17,"{'Number': 1, 'Name': 'Good'}"
2020-05-03 ,0,CST,Bismarck,ND,46.8253,-100.7681,OZONE,31,"{'Number': 1, 'Name': 'Good'}"
2020-05-03 ,0,CST,Bismarck,ND,46.8253,-100.7681,PM2.5,22,"{'Number': 1, 'Name': 'Good'}"
2020-05-04 ,0,CST,Bismarck,ND,46.8253,-100.7681,OZONE,15,"{'Number': 1, 'Name': 'Good'}"
2020-05-04 ,0,CST,Bismarck,ND,46.8253,-100.7681,PM2.5,35,"{'Number': 1, 'Name': 'Good'}"
2020-05-05 ,0,CST,Bismarck,ND,46.8253,-100.7681,OZONE,31,"{'Number': 1, 'Name': 'Good'}"
2020-05-05 ,0,CST,Bismarck,ND,46.8253,-100.7681,PM2.5,12,"{'Number': 1, 'Name': 'Good'}"
2020-05-06 ,0,CST,Bismarck,ND,46.8253,-100.7681,OZONE,42,"{'Number': 1, 'Name': 'Good'}"
2020-05-06 ,0,CST,Bismarck,ND,46.8253,-100.7681,PM2.5,18,"{'Number': 1, 'Name': 'Good'}"
2020-05-07 ,0,CST,Bismarck,ND,46.8253,-100.7681,OZONE,36,"{'Number': 1, 'Name': 'Good'}"
2020-05-07 ,0,CST,Bismarck,ND,46.8253,-100.7681,PM2.5,25,"{'Number': 1, 'Name': 'Good'}"
2020-05-08 ,0,CST,Bismarck,ND,46.8253,-100.7681,OZONE,41,"{'Number': 1, 'Name': 'Good'}"
2020-05-08 ,0,CST,Bismarck,ND,46.8253,-100.7681,PM2.5,24,"{'Number': 1, 'Name': 'Good'}"
2020-05-09 ,0,CST,Bismarck,ND,46.8253,-100.7681,OZONE,28,"{'Number': 1, 'Name': 'Good'}"
2020-05-09 ,0,CST,Bismarck,ND,46.8253,-100.7681,PM2.5,28,"{'Number': 1, 'Name': 'Good'}"
2020-05-10 ,0,CST,Bismarck,ND,46.8253,-100.7681,OZONE,32,"{'Number': 1, 'Name': 'Good'}"
2020-05-10 ,0,CST,Bismarck,ND,46.8253,-100.7681,PM2.5,13,"{'Number': 1, 'Name': 'Good'}"
2020-05-11 ,0,CST,Bismarck,ND,46.8253,-100.7681,OZONE,34,"{'Number': 1, 'Name': 'Good'}"
2020-05-11 ,0,CST,Bismarck,ND,46.8253,-100.7681,PM2.5,18,"{'Number': 1, 'Name': 'Good'}"
2020-05-12 ,0,CST,Bismarck,ND,46.8253,-100.7681,OZONE,31,"{'Number': 1, 'Name': 'Good'}"
2020-05-12 ,0,CST,Bismarck,ND,46.8253,-100.7681,PM2.5,25,"{'Number': 1, 'Name': 'Good'}"
2020-05-13 ,0,CST,Bismarck,ND,46.8253,-100.7681,OZONE,19,"{'Number': 1, 'Name': 'Good'}"
2020-05-13 ,0,CST,Bismarck,ND,46.8253,-100.7681,PM2.5,27,"{'Number': 1, 'Name': 'Good'}"
2020-05-14 ,0,CST,Bismarck,ND,46.8253,-100.7681,OZONE,30,"{'Number': 1, 'Name': 'Good'}"
2020-05-14 ,0,CST,Bismarck,ND,46.8253,-100.7681,PM2.5,23,"{'Number': 1, 'Name': 'Good'}"
2020-05-15 ,0,CST,Bismarck,ND,46.8253,-100.7681,OZONE,39,"{'Number': 1, 'Name': 'Good'}"
2020-05-15 ,0,CST,Bismarck,ND,46.8253,-100.7681,PM2.5,28,"{'Number': 1, 'Name': 'Good'}"
2020-05-16 ,0,CST,Bismarck,ND,46.8253,-100.7681,OZONE,41,"{'Number': 1, 'Name': 'Good'}"
2020-05-16 ,0,CST,Bismarck,ND,46.8253,-100.7681,PM2.5,34,"{'Number': 1, 'Name': 'Good'}"
2020-05-17 ,0,CST,Bismarck,ND,46.8253,-100.7681,OZONE,40,"{'Number': 1, 'Name': 'Good'}"
2020-05-17 ,0,CST,Bismarck,ND,46.8253,-100.7681,PM2.5,32,"{'Number': 1, 'Name': 'Good'}"
2020-05-18 ,0,CST,Bismarck,ND,46.8253,-100.7681,OZONE,38,"{'Number': 1, 'Name': 'Good'}"
2020-05-18 ,0,CST,Bismarck,ND,46.8253,-100.7681,PM2.5,50,"{'Number': 1, 'Name': 'Good'}"
2020-05-19 ,0,CST,Bismarck,ND,46.8253,-100.7681,OZONE,35,"{'Number': 1, 'Name': 'Good'}"
2020-05-20 ,0,CST,Bismarck,ND,46.8253,-100.7681,OZONE,35,"{'Number': 1, 'Name': 'Good'}"
2020-05-20 ,0,CST,Bismarck,ND,46.8253,-100.7681,PM2.5,54,"{'Number': 2, 'Name': 'Moderate'}"
2020-05-21 ,0,CST,Bismarck,ND,46.8253,-100.7681,OZONE,35,"{'Number': 1, 'Name': 'Good'}"
2020-05-21 ,0,CST,Bismarck,ND,46.8253,-100.7681,PM2.5,22,"{'Number': 1, 'Name': 'Good'}"
2020-05-22 ,0,CST,Bismarck,ND,46.8253,-100.7681,OZONE,36,"{'Number': 1, 'Name': 'Good'}"
2020-05-22 ,0,CST,Bismarck,ND,46.8253,-100.7681,PM2.5,17,"{'Number': 1, 'Name': 'Good'}"
2020-05-23 ,0,CST,Bismarck,ND,46.8253,-100.7681,OZONE,41,"{'Number': 1, 'Name': 'Good'}"
2020-05-23 ,0,CST,Bismarck,ND,46.8253,-100.7681,PM2.5,24,"{'Number': 1, 'Name': 'Good'}"
2020-05-24 ,0,CST,Bismarck,ND,46.8253,-100.7681,OZONE,20,"{'Number': 1, 'Name': 'Good'}"
2020-05-24 ,0,CST,Bismarck,ND,46.8253,-100.7681,PM2.5,23,"{'Number': 1, 'Name': 'Good'}"
2020-05-25 ,0,CST,Bismarck,ND,46.8253,-100.7681,OZONE,24,"{'Number': 1, 'Name': 'Good'}"
2020-05-25 ,0,CST,Bismarck,ND,46.8253,-100.7681,PM2.5,36,"{'Number': 1, 'Name': 'Good'}"
2020-05-26 ,0,CST,Bismarck,ND,46.8253,-100.7681,OZONE,40,"{'Number': 1, 'Name': 'Good'}"
2020-05-26 ,0,CST,Bismarck,ND,46.8253,-100.7681,PM2.5,22,"{'Number': 1, 'Name': 'Good'}"
2020-05-27 ,0,CST,Bismarck,ND,46.8253,-100.7681,PM2.5,15,"{'Number': 1, 'Name': 'Good'}"
2020-05-28 ,0,CST,Bismarck,ND,46.8253,-100.7681,OZONE,34,"{'Number': 1, 'Name': 'Good'}"
2020-05-28 ,0,CST,Bismarck,ND,46.8253,-100.7681,PM2.5,16,"{'Number': 1, 'Name': 'Good'}"
2020-05-29 ,0,CST,Bismarck,ND,46.8253,-100.7681,OZONE,38,"{'Number': 1, 'Name': 'Good'}"
2020-05-29 ,0,CST,Bismarck,ND,46.8253,-100.7681,PM2.5,13,"{'Number': 1, 'Name': 'Good'}"
2020-05-30 ,0,CST,Bismarck,ND,46.8253,-100.7681,OZONE,36,"{'Number': 1, 'Name': 'Good'}"
2020-05-30 ,0,CST,Bismarck,ND,46.8253,-100.7681,PM2.5,23,"{'Number': 1, 'Name': 'Good'}"
2020-05-31 ,0,CST,Bismarck,ND,46.8253,-100.7681,OZONE,37,"{'Number': 1, 'Name': 'Good'}"
2020-05-31 ,0,CST,Bismarck,ND,46.8253,-100.7681,PM2.5,36,"{'Number': 1, 'Name': 'Good'}"
2020-05-01 ,0,EST,Columbus,OH,39.989,-82.987,OZONE,39,"{'Number': 1, 'Name': 'Good'}"
2020-05-01 ,0,EST,Columbus,OH,39.989,-82.987,PM2.5,13,"{'Number': 1, 'Name': 'Good'}"
2020-05-02 ,0,EST,Columbus,OH,39.989,-82.987,OZONE,50,"{'Number': 1, 'Name': 'Good'}"
2020-05-02 ,0,EST,Columbus,OH,39.989,-82.987,PM2.5,34,"{'Number': 1, 'Name': 'Good'}"
2020-05-03 ,0,EST,Columbus,OH,39.989,-82.987,OZONE,46,"{'Number': 1, 'Name': 'Good'}"
2020-05-03 ,0,EST,Columbus,OH,39.989,-82.987,PM2.5,32,"{'Number': 1, 'Name': 'Good'}"
2020-05-04 ,0,EST,Columbus,OH,39.989,-82.987,OZONE,35,"{'Number': 1, 'Name': 'Good'}"
2020-05-04 ,0,EST,Columbus,OH,39.989,-82.987,PM2.5,14,"{'Number': 1, 'Name': 'Good'}"
2020-05-05 ,0,EST,Columbus,OH,39.989,-82.987,OZONE,36,"{'Number': 1, 'Name': 'Good'}"
2020-05-05 ,0,EST,Columbus,OH,39.989,-82.987,PM2.5,16,"{'Number': 1, 'Name': 'Good'}"
2020-05-06 ,0,EST,Columbus,OH,39.989,-82.987,OZONE,44,"{'Number': 1, 'Name': 'Good'}"
2020-05-06 ,0,EST,Columbus,OH,39.989,-82.987,PM2.5,20,"{'Number': 1, 'Name': 'Good'}"
2020-05-07 ,0,EST,Columbus,OH,39.989,-82.987,OZONE,46,"{'Number': 1, 'Name': 'Good'}"
2020-05-07 ,0,EST,Columbus,OH,39.989,-82.987,PM2.5,24,"{'Number': 1, 'Name': 'Good'}"
2020-05-08 ,0,EST,Columbus,OH,39.989,-82.987,OZONE,35,"{'Number': 1, 'Name': 'Good'}"
2020-05-08 ,0,EST,Columbus,OH,39.989,-82.987,PM2.5,20,"{'Number': 1, 'Name': 'Good'}"
2020-05-09 ,0,EST,Columbus,OH,39.989,-82.987,OZONE,37,"{'Number': 1, 'Name': 'Good'}"
2020-05-09 ,0,EST,Columbus,OH,39.989,-82.987,PM2.5,17,"{'Number': 1, 'Name': 'Good'}"
2020-05-10 ,0,EST,Columbus,OH,39.989,-82.987,OZONE,42,"{'Number': 1, 'Name': 'Good'}"
2020-05-10 ,0,EST,Columbus,OH,39.989,-82.987,PM2.5,20,"{'Number': 1, 'Name': 'Good'}"
2020-05-11 ,0,EST,Columbus,OH,39.989,-82.987,OZONE,29,"{'Number': 1, 'Name': 'Good'}"
2020-05-11 ,0,EST,Columbus,OH,39.989,-82.987,PM2.5,11,"{'Number': 1, 'Name': 'Good'}"
2020-05-12 ,0,EST,Columbus,OH,39.989,-82.987,OZONE,42,"{'Number': 1, 'Name': 'Good'}"
2020-05-12 ,0,EST,Columbus,OH,39.989,-82.987,PM2.5,22,"{'Number': 1, 'Name': 'Good'}"
2020-05-13 ,0,EST,Columbus,OH,39.989,-82.987,OZONE,54,"{'Number': 2, 'Name': 'Moderate'}"
2020-05-13 ,0,EST,Columbus,OH,39.989,-82.987,PM2.5,35,"{'Number': 1, 'Name': 'Good'}"
2020-05-14 ,0,EST,Columbus,OH,39.989,-82.987,OZONE,41,"{'Number': 1, 'Name': 'Good'}"
2020-05-14 ,0,EST,Columbus,OH,39.989,-82.987,PM2.5,34,"{'Number': 1, 'Name': 'Good'}"
2020-05-15 ,0,EST,Columbus,OH,39.989,-82.987,OZONE,43,"{'Number': 1, 'Name': 'Good'}"
2020-05-15 ,0,EST,Columbus,OH,39.989,-82.987,PM2.5,34,"{'Number': 1, 'Name': 'Good'}"
2020-05-16 ,0,EST,Columbus,OH,39.989,-82.987,OZONE,43,"{'Number': 1, 'Name': 'Good'}"
2020-05-16 ,0,EST,Columbus,OH,39.989,-82.987,PM2.5,23,"{'Number': 1, 'Name': 'Good'}"
2020-05-17 ,0,EST,Columbus,OH,39.989,-82.987,OZONE,43,"{'Number': 1, 'Name': 'Good'}"
2020-05-17 ,0,EST,Columbus,OH,39.989,-82.987,PM2.5,41,"{'Number': 1, 'Name': 'Good'}"
2020-05-18 ,0,EST,Columbus,OH,39.989,-82.987,OZONE,41,"{'Number': 1, 'Name': 'Good'}"
2020-05-18 ,0,EST,Columbus,OH,39.989,-82.987,PM2.5,32,"{'Number': 1, 'Name': 'Good'}"
2020-05-19 ,0,EST,Columbus,OH,39.989,-82.987,OZONE,40,"{'Number': 1, 'Name': 'Good'}"
2020-05-19 ,0,EST,Columbus,OH,39.989,-82.987,PM2.5,14,"{'Number': 1, 'Name': 'Good'}"
2020-05-20 ,0,EST,Columbus,OH,39.989,-82.987,OZONE,36,"{'Number': 1, 'Name': 'Good'}"
2020-05-20 ,0,EST,Columbus,OH,39.989,-82.987,PM2.5,13,"{'Number': 1, 'Name': 'Good'}"
2020-05-21 ,0,EST,Columbus,OH,39.989,-82.987,OZONE,28,"{'Number': 1, 'Name': 'Good'}"
2020-05-21 ,0,EST,Columbus,OH,39.989,-82.987,PM2.5,9,"{'Number': 1, 'Name': 'Good'}"
2020-05-22 ,0,EST,Columbus,OH,39.989,-82.987,OZONE,36,"{'Number': 1, 'Name': 'Good'}"
2020-05-22 ,0,EST,Columbus,OH,39.989,-82.987,PM2.5,15,"{'Number': 1, 'Name': 'Good'}"
2020-05-23 ,0,EST,Columbus,OH,39.989,-82.987,OZONE,45,"{'Number': 1, 'Name': 'Good'}"
2020-05-23 ,0,EST,Columbus,OH,39.989,-82.987,PM2.5,21,"{'Number': 1, 'Name': 'Good'}"
2020-05-24 ,0,EST,Columbus,OH,39.989,-82.987,OZONE,51,"{'Number': 2, 'Name': 'Moderate'}"
2020-05-24 ,0,EST,Columbus,OH,39.989,-82.987,PM2.5,33,"{'Number': 1, 'Name': 'Good'}"
2020-05-25 ,0,EST,Columbus,OH,39.989,-82.987,OZONE,41,"{'Number': 1, 'Name': 'Good'}"
2020-05-25 ,0,EST,Columbus,OH,39.989,-82.987,PM2.5,34,"{'Number': 1, 'Name': 'Good'}"
2020-05-26 ,0,EST,Columbus,OH,39.989,-82.987,OZONE,43,"{'Number': 1, 'Name': 'Good'}"
2020-05-26 ,0,EST,Columbus,OH,39.989,-82.987,PM2.5,24,"{'Number': 1, 'Name': 'Good'}"
2020-05-27 ,0,EST,Columbus,OH,39.989,-82.987,OZONE,41,"{'Number': 1, 'Name': 'Good'}"
2020-05-27 ,0,EST,Columbus,OH,39.989,-82.987,PM2.5,29,"{'Number': 1, 'Name': 'Good'}"
2020-05-28 ,0,EST,Columbus,OH,39.989,-82.987,OZONE,47,"{'Number': 1, 'Name': 'Good'}"
2020-05-28 ,0,EST,Columbus,OH,39.989,-82.987,PM2.5,14,"{'Number': 1, 'Name': 'Good'}"
2020-05-29 ,0,EST,Columbus,OH,39.989,-82.987,OZONE,42,"{'Number': 1, 'Name': 'Good'}"
2020-05-29 ,0,EST,Columbus,OH,39.989,-82.987,PM2.5,22,"{'Number': 1, 'Name': 'Good'}"
2020-05-30 ,0,EST,Columbus,OH,39.989,-82.987,OZONE,32,"{'Number': 1, 'Name': 'Good'}"
2020-05-30 ,0,EST,Columbus,OH,39.989,-82.987,PM2.5,18,"{'Number': 1, 'Name': 'Good'}"
2020-05-31 ,0,EST,Columbus,OH,39.989,-82.987,OZONE,42,"{'Number': 1, 'Name': 'Good'}"
2020-05-31 ,0,EST,Columbus,OH,39.989,-82.987,PM2.5,5,"{'Number': 1, 'Name': 'Good'}"
2020-05-01 ,0,CST,Oklahoma City,OK,35.467,-97.513,OZONE,84,"{'Number': 2, 'Name': 'Moderate'}"
2020-05-01 ,0,CST,Oklahoma City,OK,35.467,-97.513,PM2.5,38,"{'Number': 1, 'Name': 'Good'}"
2020-05-01 ,0,CST,Oklahoma City,OK,35.467,-97.513,PM10,32,"{'Number': 1, 'Name': 'Good'}"
2020-05-02 ,0,CST,Oklahoma City,OK,35.467,-97.513,OZONE,50,"{'Number': 1, 'Name': 'Good'}"
2020-05-02 ,0,CST,Oklahoma City,OK,35.467,-97.513,PM2.5,41,"{'Number': 1, 'Name': 'Good'}"
2020-05-02 ,0,CST,Oklahoma City,OK,35.467,-97.513,PM10,23,"{'Number': 1, 'Name': 'Good'}"
2020-05-03 ,0,CST,Oklahoma City,OK,35.467,-97.513,OZONE,31,"{'Number': 1, 'Name': 'Good'}"
2020-05-03 ,0,CST,Oklahoma City,OK,35.467,-97.513,PM2.5,53,"{'Number': 2, 'Name': 'Moderate'}"
2020-05-03 ,0,CST,Oklahoma City,OK,35.467,-97.513,PM10,22,"{'Number': 1, 'Name': 'Good'}"
2020-05-04 ,0,CST,Oklahoma City,OK,35.467,-97.513,OZONE,44,"{'Number': 1, 'Name': 'Good'}"
2020-05-04 ,0,CST,Oklahoma City,OK,35.467,-97.513,PM2.5,57,"{'Number': 2, 'Name': 'Moderate'}"
2020-05-04 ,0,CST,Oklahoma City,OK,35.467,-97.513,PM10,29,"{'Number': 1, 'Name': 'Good'}"
2020-05-05 ,0,CST,Oklahoma City,OK,35.467,-97.513,OZONE,46,"{'Number': 1, 'Name': 'Good'}"
2020-05-05 ,0,CST,Oklahoma City,OK,35.467,-97.513,PM2.5,33,"{'Number': 1, 'Name': 'Good'}"
2020-05-05 ,0,CST,Oklahoma City,OK,35.467,-97.513,PM10,19,"{'Number': 1, 'Name': 'Good'}"
2020-05-06 ,0,CST,Oklahoma City,OK,35.467,-97.513,OZONE,58,"{'Number': 2, 'Name': 'Moderate'}"
2020-05-06 ,0,CST,Oklahoma City,OK,35.467,-97.513,PM2.5,33,"{'Number': 1, 'Name': 'Good'}"
2020-05-06 ,0,CST,Oklahoma City,OK,35.467,-97.513,PM10,25,"{'Number': 1, 'Name': 'Good'}"
2020-05-07 ,0,CST,Oklahoma City,OK,35.467,-97.513,OZONE,74,"{'Number': 2, 'Name': 'Moderate'}"
2020-05-07 ,0,CST,Oklahoma City,OK,35.467,-97.513,PM2.5,42,"{'Number': 1, 'Name': 'Good'}"
2020-05-07 ,0,CST,Oklahoma City,OK,35.467,-97.513,PM10,32,"{'Number': 1, 'Name': 'Good'}"
2020-05-08 ,0,CST,Oklahoma City,OK,35.467,-97.513,OZONE,48,"{'Number': 1, 'Name': 'Good'}"
2020-05-08 ,0,CST,Oklahoma City,OK,35.467,-97.513,PM2.5,36,"{'Number': 1, 'Name': 'Good'}"
2020-05-08 ,0,CST,Oklahoma City,OK,35.467,-97.513,PM10,16,"{'Number': 1, 'Name': 'Good'}"
2020-05-09 ,0,CST,Oklahoma City,OK,35.467,-97.513,OZONE,58,"{'Number': 2, 'Name': 'Moderate'}"
2020-05-09 ,0,CST,Oklahoma City,OK,35.467,-97.513,PM2.5,37,"{'Number': 1, 'Name': 'Good'}"
2020-05-09 ,0,CST,Oklahoma City,OK,35.467,-97.513,PM10,18,"{'Number': 1, 'Name': 'Good'}"
2020-05-10 ,0,CST,Oklahoma City,OK,35.467,-97.513,OZONE,39,"{'Number': 1, 'Name': 'Good'}"
2020-05-10 ,0,CST,Oklahoma City,OK,35.467,-97.513,PM2.5,41,"{'Number': 1, 'Name': 'Good'}"
2020-05-10 ,0,CST,Oklahoma City,OK,35.467,-97.513,PM10,17,"{'Number': 1, 'Name': 'Good'}"
2020-05-11 ,0,CST,Oklahoma City,OK,35.467,-97.513,OZONE,38,"{'Number': 1, 'Name': 'Good'}"
2020-05-11 ,0,CST,Oklahoma City,OK,35.467,-97.513,PM2.5,28,"{'Number': 1, 'Name': 'Good'}"
2020-05-11 ,0,CST,Oklahoma City,OK,35.467,-97.513,PM10,16,"{'Number': 1, 'Name': 'Good'}"
2020-05-12 ,0,CST,Oklahoma City,OK,35.467,-97.513,OZONE,25,"{'Number': 1, 'Name': 'Good'}"
2020-05-12 ,0,CST,Oklahoma City,OK,35.467,-97.513,PM2.5,44,"{'Number': 1, 'Name': 'Good'}"
2020-05-12 ,0,CST,Oklahoma City,OK,35.467,-97.513,PM10,14,"{'Number': 1, 'Name': 'Good'}"
2020-05-13 ,0,CST,Oklahoma City,OK,35.467,-97.513,OZONE,46,"{'Number': 1, 'Name': 'Good'}"
2020-05-13 ,0,CST,Oklahoma City,OK,35.467,-97.513,PM2.5,40,"{'Number': 1, 'Name': 'Good'}"
2020-05-13 ,0,CST,Oklahoma City,OK,35.467,-97.513,PM10,15,"{'Number': 1, 'Name': 'Good'}"
2020-05-14 ,0,CST,Oklahoma City,OK,35.467,-97.513,OZONE,43,"{'Number': 1, 'Name': 'Good'}"
2020-05-14 ,0,CST,Oklahoma City,OK,35.467,-97.513,PM2.5,36,"{'Number': 1, 'Name': 'Good'}"
2020-05-14 ,0,CST,Oklahoma City,OK,35.467,-97.513,PM10,18,"{'Number': 1, 'Name': 'Good'}"
2020-05-15 ,0,CST,Oklahoma City,OK,35.467,-97.513,OZONE,44,"{'Number': 1, 'Name': 'Good'}"
2020-05-15 ,0,CST,Oklahoma City,OK,35.467,-97.513,PM2.5,32,"{'Number': 1, 'Name': 'Good'}"
2020-05-15 ,0,CST,Oklahoma City,OK,35.467,-97.513,PM10,14,"{'Number': 1, 'Name': 'Good'}"
2020-05-16 ,0,CST,Oklahoma City,OK,35.467,-97.513,OZONE,35,"{'Number': 1, 'Name': 'Good'}"
2020-05-16 ,0,CST,Oklahoma City,OK,35.467,-97.513,PM2.5,38,"{'Number': 1, 'Name': 'Good'}"
2020-05-16 ,0,CST,Oklahoma City,OK,35.467,-97.513,PM10,15,"{'Number': 1, 'Name': 'Good'}"
2020-05-17 ,0,CST,Oklahoma City,OK,35.467,-97.513,OZONE,44,"{'Number': 1, 'Name': 'Good'}"
2020-05-17 ,0,CST,Oklahoma City,OK,35.467,-97.513,PM2.5,34,"{'Number': 1, 'Name': 'Good'}"
2020-05-17 ,0,CST,Oklahoma City,OK,35.467,-97.513,PM10,17,"{'Number': 1, 'Name': 'Good'}"
2020-05-18 ,0,CST,Oklahoma City,OK,35.467,-97.513,OZONE,80,"{'Number': 2, 'Name': 'Moderate'}"
2020-05-18 ,0,CST,Oklahoma City,OK,35.467,-97.513,PM2.5,28,"{'Number': 1, 'Name': 'Good'}"
2020-05-18 ,0,CST,Oklahoma City,OK,35.467,-97.513,PM10,16,"{'Number': 1, 'Name': 'Good'}"
2020-05-19 ,0,CST,Oklahoma City,OK,35.467,-97.513,OZONE,47,"{'Number': 1, 'Name': 'Good'}"
2020-05-19 ,0,CST,Oklahoma City,OK,35.467,-97.513,PM2.5,29,"{'Number': 1, 'Name': 'Good'}"
2020-05-19 ,0,CST,Oklahoma City,OK,35.467,-97.513,PM10,17,"{'Number': 1, 'Name': 'Good'}"
2020-05-20 ,0,CST,Oklahoma City,OK,35.467,-97.513,OZONE,43,"{'Number': 1, 'Name': 'Good'}"
2020-05-20 ,0,CST,Oklahoma City,OK,35.467,-97.513,PM2.5,32,"{'Number': 1, 'Name': 'Good'}"
2020-05-20 ,0,CST,Oklahoma City,OK,35.467,-97.513,PM10,20,"{'Number': 1, 'Name': 'Good'}"
2020-05-21 ,0,CST,Oklahoma City,OK,35.467,-97.513,OZONE,37,"{'Number': 1, 'Name': 'Good'}"
2020-05-21 ,0,CST,Oklahoma City,OK,35.467,-97.513,PM2.5,56,"{'Number': 2, 'Name': 'Moderate'}"
2020-05-21 ,0,CST,Oklahoma City,OK,35.467,-97.513,PM10,28,"{'Number': 1, 'Name': 'Good'}"
2020-05-22 ,0,CST,Oklahoma City,OK,35.467,-97.513,OZONE,51,"{'Number': 2, 'Name': 'Moderate'}"
2020-05-22 ,0,CST,Oklahoma City,OK,35.467,-97.513,PM2.5,52,"{'Number': 2, 'Name': 'Moderate'}"
2020-05-22 ,0,CST,Oklahoma City,OK,35.467,-97.513,PM10,20,"{'Number': 1, 'Name': 'Good'}"
2020-05-23 ,0,CST,Oklahoma City,OK,35.467,-97.513,OZONE,54,"{'Number': 2, 'Name': 'Moderate'}"
2020-05-23 ,0,CST,Oklahoma City,OK,35.467,-97.513,PM2.5,46,"{'Number': 1, 'Name': 'Good'}"
2020-05-23 ,0,CST,Oklahoma City,OK,35.467,-97.513,PM10,20,"{'Number': 1, 'Name': 'Good'}"
2020-05-24 ,0,CST,Oklahoma City,OK,35.467,-97.513,OZONE,36,"{'Number': 1, 'Name': 'Good'}"
2020-05-24 ,0,CST,Oklahoma City,OK,35.467,-97.513,PM2.5,30,"{'Number': 1, 'Name': 'Good'}"
2020-05-24 ,0,CST,Oklahoma City,OK,35.467,-97.513,PM10,12,"{'Number': 1, 'Name': 'Good'}"
2020-05-25 ,0,CST,Oklahoma City,OK,35.467,-97.513,OZONE,35,"{'Number': 1, 'Name': 'Good'}"
2020-05-25 ,0,CST,Oklahoma City,OK,35.467,-97.513,PM2.5,22,"{'Number': 1, 'Name': 'Good'}"
2020-05-25 ,0,CST,Oklahoma City,OK,35.467,-97.513,PM10,9,"{'Number': 1, 'Name': 'Good'}"
2020-05-26 ,0,CST,Oklahoma City,OK,35.467,-97.513,OZONE,37,"{'Number': 1, 'Name': 'Good'}"
2020-05-26 ,0,CST,Oklahoma City,OK,35.467,-97.513,PM2.5,22,"{'Number': 1, 'Name': 'Good'}"
2020-05-26 ,0,CST,Oklahoma City,OK,35.467,-97.513,PM10,11,"{'Number': 1, 'Name': 'Good'}"
2020-05-27 ,0,CST,Oklahoma City,OK,35.467,-97.513,OZONE,44,"{'Number': 1, 'Name': 'Good'}"
2020-05-27 ,0,CST,Oklahoma City,OK,35.467,-97.513,PM2.5,30,"{'Number': 1, 'Name': 'Good'}"
2020-05-27 ,0,CST,Oklahoma City,OK,35.467,-97.513,PM10,15,"{'Number': 1, 'Name': 'Good'}"
2020-05-28 ,0,CST,Oklahoma City,OK,35.467,-97.513,OZONE,39,"{'Number': 1, 'Name': 'Good'}"
2020-05-28 ,0,CST,Oklahoma City,OK,35.467,-97.513,PM2.5,39,"{'Number': 1, 'Name': 'Good'}"
2020-05-28 ,0,CST,Oklahoma City,OK,35.467,-97.513,PM10,16,"{'Number': 1, 'Name': 'Good'}"
2020-05-29 ,0,CST,Oklahoma City,OK,35.467,-97.513,OZONE,64,"{'Number': 2, 'Name': 'Moderate'}"
2020-05-29 ,0,CST,Oklahoma City,OK,35.467,-97.513,PM2.5,40,"{'Number': 1, 'Name': 'Good'}"
2020-05-29 ,0,CST,Oklahoma City,OK,35.467,-97.513,PM10,21,"{'Number': 1, 'Name': 'Good'}"
2020-05-30 ,0,CST,Oklahoma City,OK,35.467,-97.513,OZONE,54,"{'Number': 2, 'Name': 'Moderate'}"
2020-05-30 ,0,CST,Oklahoma City,OK,35.467,-97.513,PM2.5,31,"{'Number': 1, 'Name': 'Good'}"
2020-05-30 ,0,CST,Oklahoma City,OK,35.467,-97.513,PM10,22,"{'Number': 1, 'Name': 'Good'}"
2020-05-31 ,0,CST,Oklahoma City,OK,35.467,-97.513,OZONE,44,"{'Number': 1, 'Name': 'Good'}"
2020-05-31 ,0,CST,Oklahoma City,OK,35.467,-97.513,PM2.5,40,"{'Number': 1, 'Name': 'Good'}"
2020-05-31 ,0,CST,Oklahoma City,OK,35.467,-97.513,PM10,19,"{'Number': 1, 'Name': 'Good'}"
2020-05-01 ,0,PST,Salem,OR,44.9431,-123.0059,OZONE,31,"{'Number': 1, 'Name': 'Good'}"
2020-05-01 ,0,PST,Salem,OR,44.9431,-123.0059,PM2.5,23,"{'Number': 1, 'Name': 'Good'}"
2020-05-02 ,0,PST,Salem,OR,44.9431,-123.0059,OZONE,39,"{'Number': 1, 'Name': 'Good'}"
2020-05-02 ,0,PST,Salem,OR,44.9431,-123.0059,PM2.5,19,"{'Number': 1, 'Name': 'Good'}"
2020-05-03 ,0,PST,Salem,OR,44.9431,-123.0059,OZONE,38,"{'Number': 1, 'Name': 'Good'}"
2020-05-03 ,0,PST,Salem,OR,44.9431,-123.0059,PM2.5,19,"{'Number': 1, 'Name': 'Good'}"
2020-05-04 ,0,PST,Salem,OR,44.9431,-123.0059,OZONE,40,"{'Number': 1, 'Name': 'Good'}"
2020-05-04 ,0,PST,Salem,OR,44.9431,-123.0059,PM2.5,23,"{'Number': 1, 'Name': 'Good'}"
2020-05-05 ,0,PST,Salem,OR,44.9431,-123.0059,OZONE,35,"{'Number': 1, 'Name': 'Good'}"
2020-05-05 ,0,PST,Salem,OR,44.9431,-123.0059,PM2.5,24,"{'Number': 1, 'Name': 'Good'}"
2020-05-06 ,0,PST,Salem,OR,44.9431,-123.0059,OZONE,38,"{'Number': 1, 'Name': 'Good'}"
2020-05-06 ,0,PST,Salem,OR,44.9431,-123.0059,PM2.5,13,"{'Number': 1, 'Name': 'Good'}"
2020-05-07 ,0,PST,Salem,OR,44.9431,-123.0059,OZONE,40,"{'Number': 1, 'Name': 'Good'}"
2020-05-07 ,0,PST,Salem,OR,44.9431,-123.0059,PM2.5,16,"{'Number': 1, 'Name': 'Good'}"
2020-05-08 ,0,PST,Salem,OR,44.9431,-123.0059,OZONE,41,"{'Number': 1, 'Name': 'Good'}"
2020-05-08 ,0,PST,Salem,OR,44.9431,-123.0059,PM2.5,15,"{'Number': 1, 'Name': 'Good'}"
2020-05-09 ,0,PST,Salem,OR,44.9431,-123.0059,OZONE,44,"{'Number': 1, 'Name': 'Good'}"
2020-05-09 ,0,PST,Salem,OR,44.9431,-123.0059,PM2.5,19,"{'Number': 1, 'Name': 'Good'}"
2020-05-10 ,0,PST,Salem,OR,44.9431,-123.0059,OZONE,43,"{'Number': 1, 'Name': 'Good'}"
2020-05-10 ,0,PST,Salem,OR,44.9431,-123.0059,PM2.5,23,"{'Number': 1, 'Name': 'Good'}"
2020-05-11 ,0,PST,Salem,OR,44.9431,-123.0059,OZONE,35,"{'Number': 1, 'Name': 'Good'}"
2020-05-11 ,0,PST,Salem,OR,44.9431,-123.0059,PM2.5,23,"{'Number': 1, 'Name': 'Good'}"
2020-05-12 ,0,PST,Salem,OR,44.9431,-123.0059,OZONE,32,"{'Number': 1, 'Name': 'Good'}"
2020-05-12 ,0,PST,Salem,OR,44.9431,-123.0059,PM2.5,20,"{'Number': 1, 'Name': 'Good'}"
2020-05-13 ,0,PST,Salem,OR,44.9431,-123.0059,OZONE,31,"{'Number': 1, 'Name': 'Good'}"
2020-05-13 ,0,PST,Salem,OR,44.9431,-123.0059,PM2.5,12,"{'Number': 1, 'Name': 'Good'}"
2020-05-14 ,0,PST,Salem,OR,44.9431,-123.0059,OZONE,31,"{'Number': 1, 'Name': 'Good'}"
2020-05-14 ,0,PST,Salem,OR,44.9431,-123.0059,PM2.5,14,"{'Number': 1, 'Name': 'Good'}"
2020-05-15 ,0,PST,Salem,OR,44.9431,-123.0059,OZONE,40,"{'Number': 1, 'Name': 'Good'}"
2020-05-15 ,0,PST,Salem,OR,44.9431,-123.0059,PM2.5,19,"{'Number': 1, 'Name': 'Good'}"
2020-05-16 ,0,PST,Salem,OR,44.9431,-123.0059,OZONE,22,"{'Number': 1, 'Name': 'Good'}"
2020-05-16 ,0,PST,Salem,OR,44.9431,-123.0059,PM2.5,20,"{'Number': 1, 'Name': 'Good'}"
2020-05-17 ,0,PST,Salem,OR,44.9431,-123.0059,OZONE,32,"{'Number': 1, 'Name': 'Good'}"
2020-05-17 ,0,PST,Salem,OR,44.9431,-123.0059,PM2.5,15,"{'Number': 1, 'Name': 'Good'}"
2020-05-18 ,0,PST,Salem,OR,44.9431,-123.0059,OZONE,31,"{'Number': 1, 'Name': 'Good'}"
2020-05-18 ,0,PST,Salem,OR,44.9431,-123.0059,PM2.5,10,"{'Number': 1, 'Name': 'Good'}"
2020-05-19 ,0,PST,Salem,OR,44.9431,-123.0059,OZONE,28,"{'Number': 1, 'Name': 'Good'}"
2020-05-19 ,0,PST,Salem,OR,44.9431,-123.0059,PM2.5,10,"{'Number': 1, 'Name': 'Good'}"
2020-05-20 ,0,PST,Salem,OR,44.9431,-123.0059,OZONE,26,"{'Number': 1, 'Name': 'Good'}"
2020-05-20 ,0,PST,Salem,OR,44.9431,-123.0059,PM2.5,11,"{'Number': 1, 'Name': 'Good'}"
2020-05-21 ,0,PST,Salem,OR,44.9431,-123.0059,OZONE,31,"{'Number': 1, 'Name': 'Good'}"
2020-05-21 ,0,PST,Salem,OR,44.9431,-123.0059,PM2.5,6,"{'Number': 1, 'Name': 'Good'}"
2020-05-22 ,0,PST,Salem,OR,44.9431,-123.0059,OZONE,31,"{'Number': 1, 'Name': 'Good'}"
2020-05-22 ,0,PST,Salem,OR,44.9431,-123.0059,PM2.5,8,"{'Number': 1, 'Name': 'Good'}"
2020-05-23 ,0,PST,Salem,OR,44.9431,-123.0059,OZONE,33,"{'Number': 1, 'Name': 'Good'}"
2020-05-23 ,0,PST,Salem,OR,44.9431,-123.0059,PM2.5,20,"{'Number': 1, 'Name': 'Good'}"
2020-05-24 ,0,PST,Salem,OR,44.9431,-123.0059,OZONE,35,"{'Number': 1, 'Name': 'Good'}"
2020-05-24 ,0,PST,Salem,OR,44.9431,-123.0059,PM2.5,23,"{'Number': 1, 'Name': 'Good'}"
2020-05-25 ,0,PST,Salem,OR,44.9431,-123.0059,OZONE,26,"{'Number': 1, 'Name': 'Good'}"
2020-05-25 ,0,PST,Salem,OR,44.9431,-123.0059,PM2.5,16,"{'Number': 1, 'Name': 'Good'}"
2020-05-26 ,0,PST,Salem,OR,44.9431,-123.0059,OZONE,27,"{'Number': 1, 'Name': 'Good'}"
2020-05-26 ,0,PST,Salem,OR,44.9431,-123.0059,PM2.5,14,"{'Number': 1, 'Name': 'Good'}"
2020-05-27 ,0,PST,Salem,OR,44.9431,-123.0059,OZONE,45,"{'Number': 1, 'Name': 'Good'}"
2020-05-27 ,0,PST,Salem,OR,44.9431,-123.0059,PM2.5,18,"{'Number': 1, 'Name': 'Good'}"
2020-05-28 ,0,PST,Salem,OR,44.9431,-123.0059,OZONE,71,"{'Number': 2, 'Name': 'Moderate'}"
2020-05-28 ,0,PST,Salem,OR,44.9431,-123.0059,PM2.5,21,"{'Number': 1, 'Name': 'Good'}"
2020-05-29 ,0,PST,Salem,OR,44.9431,-123.0059,OZONE,42,"{'Number': 1, 'Name': 'Good'}"
2020-05-29 ,0,PST,Salem,OR,44.9431,-123.0059,PM2.5,23,"{'Number': 1, 'Name': 'Good'}"
2020-05-30 ,0,PST,Salem,OR,44.9431,-123.0059,OZONE,25,"{'Number': 1, 'Name': 'Good'}"
2020-05-30 ,0,PST,Salem,OR,44.9431,-123.0059,PM2.5,14,"{'Number': 1, 'Name': 'Good'}"
2020-05-31 ,0,PST,Salem,OR,44.9431,-123.0059,OZONE,34,"{'Number': 1, 'Name': 'Good'}"
2020-05-31 ,0,PST,Salem,OR,44.9431,-123.0059,PM2.5,13,"{'Number': 1, 'Name': 'Good'}"
2020-05-01 ,0,EST,Susquehanna Valley,PA,39.94,-76.623,OZONE,35,"{'Number': 1, 'Name': 'Good'}"
2020-05-01 ,0,EST,Susquehanna Valley,PA,39.94,-76.623,PM2.5,18,"{'Number': 1, 'Name': 'Good'}"
2020-05-02 ,0,EST,Susquehanna Valley,PA,39.94,-76.623,OZONE,42,"{'Number': 1, 'Name': 'Good'}"
2020-05-02 ,0,EST,Susquehanna Valley,PA,39.94,-76.623,PM2.5,24,"{'Number': 1, 'Name': 'Good'}"
2020-05-03 ,0,EST,Susquehanna Valley,PA,39.94,-76.623,OZONE,48,"{'Number': 1, 'Name': 'Good'}"
2020-05-03 ,0,EST,Susquehanna Valley,PA,39.94,-76.623,PM2.5,37,"{'Number': 1, 'Name': 'Good'}"
2020-05-04 ,0,EST,Susquehanna Valley,PA,39.94,-76.623,OZONE,37,"{'Number': 1, 'Name': 'Good'}"
2020-05-04 ,0,EST,Susquehanna Valley,PA,39.94,-76.623,PM2.5,22,"{'Number': 1, 'Name': 'Good'}"
2020-05-05 ,0,EST,Susquehanna Valley,PA,39.94,-76.623,OZONE,39,"{'Number': 1, 'Name': 'Good'}"
2020-05-05 ,0,EST,Susquehanna Valley,PA,39.94,-76.623,PM2.5,26,"{'Number': 1, 'Name': 'Good'}"
2020-05-06 ,0,EST,Susquehanna Valley,PA,39.94,-76.623,OZONE,38,"{'Number': 1, 'Name': 'Good'}"
2020-05-06 ,0,EST,Susquehanna Valley,PA,39.94,-76.623,PM2.5,42,"{'Number': 1, 'Name': 'Good'}"
2020-05-07 ,0,EST,Susquehanna Valley,PA,39.94,-76.623,OZONE,46,"{'Number': 1, 'Name': 'Good'}"
2020-05-07 ,0,EST,Susquehanna Valley,PA,39.94,-76.623,PM2.5,24,"{'Number': 1, 'Name': 'Good'}"
2020-05-08 ,0,EST,Susquehanna Valley,PA,39.94,-76.623,OZONE,32,"{'Number': 1, 'Name': 'Good'}"
2020-05-08 ,0,EST,Susquehanna Valley,PA,39.94,-76.623,PM2.5,31,"{'Number': 1, 'Name': 'Good'}"
2020-05-09 ,0,EST,Susquehanna Valley,PA,39.94,-76.623,OZONE,32,"{'Number': 1, 'Name': 'Good'}"
2020-05-09 ,0,EST,Susquehanna Valley,PA,39.94,-76.623,PM2.5,14,"{'Number': 1, 'Name': 'Good'}"
2020-05-10 ,0,EST,Susquehanna Valley,PA,39.94,-76.623,OZONE,44,"{'Number': 1, 'Name': 'Good'}"
2020-05-10 ,0,EST,Susquehanna Valley,PA,39.94,-76.623,PM2.5,24,"{'Number': 1, 'Name': 'Good'}"
2020-05-11 ,0,EST,Susquehanna Valley,PA,39.94,-76.623,OZONE,32,"{'Number': 1, 'Name': 'Good'}"
2020-05-11 ,0,EST,Susquehanna Valley,PA,39.94,-76.623,PM2.5,19,"{'Number': 1, 'Name': 'Good'}"
2020-05-12 ,0,EST,Susquehanna Valley,PA,39.94,-76.623,OZONE,40,"{'Number': 1, 'Name': 'Good'}"
2020-05-12 ,0,EST,Susquehanna Valley,PA,39.94,-76.623,PM2.5,27,"{'Number': 1, 'Name': 'Good'}"
2020-05-13 ,0,EST,Susquehanna Valley,PA,39.94,-76.623,OZONE,50,"{'Number': 1, 'Name': 'Good'}"
2020-05-13 ,0,EST,Susquehanna Valley,PA,39.94,-76.623,PM2.5,49,"{'Number': 1, 'Name': 'Good'}"
2020-05-14 ,0,EST,Susquehanna Valley,PA,39.94,-76.623,OZONE,44,"{'Number': 1, 'Name': 'Good'}"
2020-05-14 ,0,EST,Susquehanna Valley,PA,39.94,-76.623,PM2.5,51,"{'Number': 2, 'Name': 'Moderate'}"
2020-05-15 ,0,EST,Susquehanna Valley,PA,39.94,-76.623,OZONE,49,"{'Number': 1, 'Name': 'Good'}"
2020-05-15 ,0,EST,Susquehanna Valley,PA,39.94,-76.623,PM2.5,52,"{'Number': 2, 'Name': 'Moderate'}"
2020-05-16 ,0,EST,Susquehanna Valley,PA,39.94,-76.623,OZONE,40,"{'Number': 1, 'Name': 'Good'}"
2020-05-16 ,0,EST,Susquehanna Valley,PA,39.94,-76.623,PM2.5,29,"{'Number': 1, 'Name': 'Good'}"
2020-05-17 ,0,EST,Susquehanna Valley,PA,39.94,-76.623,OZONE,39,"{'Number': 1, 'Name': 'Good'}"
2020-05-17 ,0,EST,Susquehanna Valley,PA,39.94,-76.623,PM2.5,35,"{'Number': 1, 'Name': 'Good'}"
2020-05-18 ,0,EST,Susquehanna Valley,PA,39.94,-76.623,OZONE,44,"{'Number': 1, 'Name': 'Good'}"
2020-05-18 ,0,EST,Susquehanna Valley,PA,39.94,-76.623,PM2.5,25,"{'Number': 1, 'Name': 'Good'}"
2020-05-19 ,0,EST,Susquehanna Valley,PA,39.94,-76.623,OZONE,42,"{'Number': 1, 'Name': 'Good'}"
2020-05-19 ,0,EST,Susquehanna Valley,PA,39.94,-76.623,PM2.5,26,"{'Number': 1, 'Name': 'Good'}"
2020-05-20 ,0,EST,Susquehanna Valley,PA,39.94,-76.623,OZONE,42,"{'Number': 1, 'Name': 'Good'}"
2020-05-20 ,0,EST,Susquehanna Valley,PA,39.94,-76.623,PM2.5,22,"{'Number': 1, 'Name': 'Good'}"
2020-05-21 ,0,EST,Susquehanna Valley,PA,39.94,-76.623,OZONE,41,"{'Number': 1, 'Name': 'Good'}"
2020-05-21 ,0,EST,Susquehanna Valley,PA,39.94,-76.623,PM2.5,37,"{'Number': 1, 'Name': 'Good'}"
2020-05-22 ,0,EST,Susquehanna Valley,PA,39.94,-76.623,OZONE,19,"{'Number': 1, 'Name': 'Good'}"
2020-05-22 ,0,EST,Susquehanna Valley,PA,39.94,-76.623,PM2.5,29,"{'Number': 1, 'Name': 'Good'}"
2020-05-23 ,0,EST,Susquehanna Valley,PA,39.94,-76.623,OZONE,32,"{'Number': 1, 'Name': 'Good'}"
2020-05-23 ,0,EST,Susquehanna Valley,PA,39.94,-76.623,PM2.5,27,"{'Number': 1, 'Name': 'Good'}"
2020-05-24 ,0,EST,Susquehanna Valley,PA,39.94,-76.623,OZONE,39,"{'Number': 1, 'Name': 'Good'}"
2020-05-24 ,0,EST,Susquehanna Valley,PA,39.94,-76.623,PM2.5,43,"{'Number': 1, 'Name': 'Good'}"
2020-05-25 ,0,EST,Susquehanna Valley,PA,39.94,-76.623,OZONE,39,"{'Number': 1, 'Name': 'Good'}"
2020-05-25 ,0,EST,Susquehanna Valley,PA,39.94,-76.623,PM2.5,34,"{'Number': 1, 'Name': 'Good'}"
2020-05-26 ,0,EST,Susquehanna Valley,PA,39.94,-76.623,OZONE,51,"{'Number': 2, 'Name': 'Moderate'}"
2020-05-26 ,0,EST,Susquehanna Valley,PA,39.94,-76.623,PM2.5,36,"{'Number': 1, 'Name': 'Good'}"
2020-05-27 ,0,EST,Susquehanna Valley,PA,39.94,-76.623,OZONE,33,"{'Number': 1, 'Name': 'Good'}"
2020-05-27 ,0,EST,Susquehanna Valley,PA,39.94,-76.623,PM2.5,29,"{'Number': 1, 'Name': 'Good'}"
2020-05-28 ,0,EST,Susquehanna Valley,PA,39.94,-76.623,OZONE,22,"{'Number': 1, 'Name': 'Good'}"
2020-05-28 ,0,EST,Susquehanna Valley,PA,39.94,-76.623,PM2.5,25,"{'Number': 1, 'Name': 'Good'}"
2020-05-29 ,0,EST,Susquehanna Valley,PA,39.94,-76.623,OZONE,36,"{'Number': 1, 'Name': 'Good'}"
2020-05-29 ,0,EST,Susquehanna Valley,PA,39.94,-76.623,PM2.5,27,"{'Number': 1, 'Name': 'Good'}"
2020-05-30 ,0,EST,Susquehanna Valley,PA,39.94,-76.623,OZONE,44,"{'Number': 1, 'Name': 'Good'}"
2020-05-30 ,0,EST,Susquehanna Valley,PA,39.94,-76.623,PM2.5,24,"{'Number': 1, 'Name': 'Good'}"
2020-05-31 ,0,EST,Susquehanna Valley,PA,39.94,-76.623,OZONE,35,"{'Number': 1, 'Name': 'Good'}"
2020-05-31 ,0,EST,Susquehanna Valley,PA,39.94,-76.623,PM2.5,15,"{'Number': 1, 'Name': 'Good'}"
2020-05-01 ,0,EST,Providence,RI,41.817,-71.401,PM2.5,22,"{'Number': 1, 'Name': 'Good'}"
2020-05-02 ,0,EST,Providence,RI,41.817,-71.401,PM2.5,30,"{'Number': 1, 'Name': 'Good'}"
2020-05-03 ,0,EST,Providence,RI,41.817,-71.401,PM2.5,41,"{'Number': 1, 'Name': 'Good'}"
2020-05-04 ,0,EST,Providence,RI,41.817,-71.401,PM2.5,21,"{'Number': 1, 'Name': 'Good'}"
2020-05-05 ,0,EST,Providence,RI,41.817,-71.401,PM2.5,13,"{'Number': 1, 'Name': 'Good'}"
2020-05-06 ,0,EST,Providence,RI,41.817,-71.401,PM2.5,13,"{'Number': 1, 'Name': 'Good'}"
2020-05-07 ,0,EST,Providence,RI,41.817,-71.401,PM2.5,13,"{'Number': 1, 'Name': 'Good'}"
2020-05-08 ,0,EST,Providence,RI,41.817,-71.401,PM2.5,12,"{'Number': 1, 'Name': 'Good'}"
2020-05-09 ,0,EST,Providence,RI,41.817,-71.401,PM2.5,9,"{'Number': 1, 'Name': 'Good'}"
2020-05-10 ,0,EST,Providence,RI,41.817,-71.401,PM2.5,17,"{'Number': 1, 'Name': 'Good'}"
2020-05-11 ,0,EST,Providence,RI,41.817,-71.401,PM2.5,27,"{'Number': 1, 'Name': 'Good'}"
2020-05-12 ,0,EST,Providence,RI,41.817,-71.401,PM2.5,11,"{'Number': 1, 'Name': 'Good'}"
2020-05-13 ,0,EST,Providence,RI,41.817,-71.401,PM2.5,18,"{'Number': 1, 'Name': 'Good'}"
2020-05-14 ,0,EST,Providence,RI,41.817,-71.401,PM2.5,31,"{'Number': 1, 'Name': 'Good'}"
2020-05-15 ,0,EST,Providence,RI,41.817,-71.401,PM2.5,44,"{'Number': 1, 'Name': 'Good'}"
2020-05-16 ,0,EST,Providence,RI,41.817,-71.401,PM2.5,19,"{'Number': 1, 'Name': 'Good'}"
2020-05-17 ,0,EST,Providence,RI,41.817,-71.401,PM2.5,18,"{'Number': 1, 'Name': 'Good'}"
2020-05-18 ,0,EST,Providence,RI,41.817,-71.401,PM2.5,30,"{'Number': 1, 'Name': 'Good'}"
2020-05-19 ,0,EST,Providence,RI,41.817,-71.401,PM2.5,23,"{'Number': 1, 'Name': 'Good'}"
2020-05-20 ,0,EST,Providence,RI,41.817,-71.401,PM2.5,17,"{'Number': 1, 'Name': 'Good'}"
2020-05-21 ,0,EST,Providence,RI,41.817,-71.401,PM2.5,26,"{'Number': 1, 'Name': 'Good'}"
2020-05-22 ,0,EST,Providence,RI,41.817,-71.401,PM2.5,31,"{'Number': 1, 'Name': 'Good'}"
2020-05-23 ,0,EST,Providence,RI,41.817,-71.401,PM2.5,34,"{'Number': 1, 'Name': 'Good'}"
2020-05-24 ,0,EST,Providence,RI,41.817,-71.401,PM2.5,36,"{'Number': 1, 'Name': 'Good'}"
2020-05-25 ,0,EST,Providence,RI,41.817,-71.401,PM2.5,32,"{'Number': 1, 'Name': 'Good'}"
2020-05-26 ,0,EST,Providence,RI,41.817,-71.401,PM2.5,35,"{'Number': 1, 'Name': 'Good'}"
2020-05-27 ,0,EST,Providence,RI,41.817,-71.401,PM2.5,18,"{'Number': 1, 'Name': 'Good'}"
2020-05-28 ,0,EST,Providence,RI,41.817,-71.401,PM2.5,24,"{'Number': 1, 'Name': 'Good'}"
2020-05-29 ,0,EST,Providence,RI,41.817,-71.401,PM2.5,17,"{'Number': 1, 'Name': 'Good'}"
2020-05-30 ,0,EST,Providence,RI,41.817,-71.401,PM2.5,22,"{'Number': 1, 'Name': 'Good'}"
2020-05-31 ,0,EST,Providence,RI,41.817,-71.401,PM2.5,12,"{'Number': 1, 'Name': 'Good'}"
2020-05-01 ,0,EST,Columbia,SC,34.039,-80.886,OZONE,46,"{'Number': 1, 'Name': 'Good'}"
2020-05-01 ,0,EST,Columbia,SC,34.039,-80.886,PM2.5,17,"{'Number': 1, 'Name': 'Good'}"
2020-05-02 ,0,EST,Columbia,SC,34.039,-80.886,OZONE,51,"{'Number': 2, 'Name': 'Moderate'}"
2020-05-02 ,0,EST,Columbia,SC,34.039,-80.886,PM2.5,33,"{'Number': 1, 'Name': 'Good'}"
2020-05-03 ,0,EST,Columbia,SC,34.039,-80.886,OZONE,51,"{'Number': 2, 'Name': 'Moderate'}"
2020-05-03 ,0,EST,Columbia,SC,34.039,-80.886,PM2.5,34,"{'Number': 1, 'Name': 'Good'}"
2020-05-04 ,0,EST,Columbia,SC,34.039,-80.886,OZONE,47,"{'Number': 1, 'Name': 'Good'}"
2020-05-04 ,0,EST,Columbia,SC,34.039,-80.886,PM2.5,30,"{'Number': 1, 'Name': 'Good'}"
2020-05-05 ,0,EST,Columbia,SC,34.039,-80.886,OZONE,44,"{'Number': 1, 'Name': 'Good'}"
2020-05-05 ,0,EST,Columbia,SC,34.039,-80.886,PM2.5,34,"{'Number': 1, 'Name': 'Good'}"
2020-05-06 ,0,EST,Columbia,SC,34.039,-80.886,OZONE,48,"{'Number': 1, 'Name': 'Good'}"
2020-05-06 ,0,EST,Columbia,SC,34.039,-80.886,PM2.5,14,"{'Number': 1, 'Name': 'Good'}"
2020-05-07 ,0,EST,Columbia,SC,34.039,-80.886,OZONE,49,"{'Number': 1, 'Name': 'Good'}"
2020-05-07 ,0,EST,Columbia,SC,34.039,-80.886,PM2.5,26,"{'Number': 1, 'Name': 'Good'}"
2020-05-08 ,0,EST,Columbia,SC,34.039,-80.886,OZONE,42,"{'Number': 1, 'Name': 'Good'}"
2020-05-09 ,0,EST,Columbia,SC,34.039,-80.886,OZONE,44,"{'Number': 1, 'Name': 'Good'}"
2020-05-10 ,0,EST,Columbia,SC,34.039,-80.886,OZONE,47,"{'Number': 1, 'Name': 'Good'}"
2020-05-11 ,0,EST,Columbia,SC,34.039,-80.886,OZONE,45,"{'Number': 1, 'Name': 'Good'}"
2020-05-12 ,0,EST,Columbia,SC,34.039,-80.886,OZONE,44,"{'Number': 1, 'Name': 'Good'}"
2020-05-13 ,0,EST,Columbia,SC,34.039,-80.886,OZONE,54,"{'Number': 2, 'Name': 'Moderate'}"
2020-05-13 ,0,EST,Columbia,SC,34.039,-80.886,PM2.5,36,"{'Number': 1, 'Name': 'Good'}"
2020-05-14 ,0,EST,Columbia,SC,34.039,-80.886,OZONE,51,"{'Number': 2, 'Name': 'Moderate'}"
2020-05-14 ,0,EST,Columbia,SC,34.039,-80.886,PM2.5,38,"{'Number': 1, 'Name': 'Good'}"
2020-05-15 ,0,EST,Columbia,SC,34.039,-80.886,OZONE,46,"{'Number': 1, 'Name': 'Good'}"
2020-05-15 ,0,EST,Columbia,SC,34.039,-80.886,PM2.5,25,"{'Number': 1, 'Name': 'Good'}"
2020-05-16 ,0,EST,Columbia,SC,34.039,-80.886,OZONE,43,"{'Number': 1, 'Name': 'Good'}"
2020-05-16 ,0,EST,Columbia,SC,34.039,-80.886,PM2.5,61,"{'Number': 2, 'Name': 'Moderate'}"
2020-05-17 ,0,EST,Columbia,SC,34.039,-80.886,OZONE,30,"{'Number': 1, 'Name': 'Good'}"
2020-05-17 ,0,EST,Columbia,SC,34.039,-80.886,PM2.5,75,"{'Number': 2, 'Name': 'Moderate'}"
2020-05-18 ,0,EST,Columbia,SC,34.039,-80.886,OZONE,30,"{'Number': 1, 'Name': 'Good'}"
2020-05-19 ,0,EST,Columbia,SC,34.039,-80.886,OZONE,35,"{'Number': 1, 'Name': 'Good'}"
2020-05-20 ,0,EST,Columbia,SC,34.039,-80.886,OZONE,20,"{'Number': 1, 'Name': 'Good'}"
2020-05-21 ,0,EST,Columbia,SC,34.039,-80.886,OZONE,36,"{'Number': 1, 'Name': 'Good'}"
2020-05-22 ,0,EST,Columbia,SC,34.039,-80.886,OZONE,40,"{'Number': 1, 'Name': 'Good'}"
2020-05-23 ,0,EST,Columbia,SC,34.039,-80.886,OZONE,36,"{'Number': 1, 'Name': 'Good'}"
2020-05-24 ,0,EST,Columbia,SC,34.039,-80.886,OZONE,36,"{'Number': 1, 'Name': 'Good'}"
2020-05-25 ,0,EST,Columbia,SC,34.039,-80.886,OZONE,30,"{'Number': 1, 'Name': 'Good'}"
2020-05-26 ,0,EST,Columbia,SC,34.039,-80.886,OZONE,28,"{'Number': 1, 'Name': 'Good'}"
2020-05-27 ,0,EST,Columbia,SC,34.039,-80.886,OZONE,19,"{'Number': 1, 'Name': 'Good'}"
2020-05-28 ,0,EST,Columbia,SC,34.039,-80.886,OZONE,26,"{'Number': 1, 'Name': 'Good'}"
2020-05-29 ,0,EST,Columbia,SC,34.039,-80.886,OZONE,31,"{'Number': 1, 'Name': 'Good'}"
2020-05-30 ,0,EST,Columbia,SC,34.039,-80.886,OZONE,36,"{'Number': 1, 'Name': 'Good'}"
2020-05-31 ,0,EST,Columbia,SC,34.039,-80.886,OZONE,35,"{'Number': 1, 'Name': 'Good'}"
2020-05-01 ,0,CST,Pierre,SD,44.37,-100.29,PM2.5,10,"{'Number': 1, 'Name': 'Good'}"
2020-05-02 ,0,CST,Pierre,SD,44.37,-100.29,PM2.5,6,"{'Number': 1, 'Name': 'Good'}"
2020-05-03 ,0,CST,Pierre,SD,44.37,-100.29,PM2.5,13,"{'Number': 1, 'Name': 'Good'}"
2020-05-04 ,0,CST,Pierre,SD,44.37,-100.29,PM2.5,17,"{'Number': 1, 'Name': 'Good'}"
2020-05-05 ,0,CST,Pierre,SD,44.37,-100.29,PM2.5,27,"{'Number': 1, 'Name': 'Good'}"
2020-05-06 ,0,CST,Pierre,SD,44.37,-100.29,PM2.5,13,"{'Number': 1, 'Name': 'Good'}"
2020-05-07 ,0,CST,Pierre,SD,44.37,-100.29,PM2.5,15,"{'Number': 1, 'Name': 'Good'}"
2020-05-08 ,0,CST,Pierre,SD,44.37,-100.29,PM2.5,17,"{'Number': 1, 'Name': 'Good'}"
2020-05-09 ,0,CST,Pierre,SD,44.37,-100.29,PM2.5,14,"{'Number': 1, 'Name': 'Good'}"
2020-05-10 ,0,CST,Pierre,SD,44.37,-100.29,PM2.5,15,"{'Number': 1, 'Name': 'Good'}"
2020-05-11 ,0,CST,Pierre,SD,44.37,-100.29,PM2.5,13,"{'Number': 1, 'Name': 'Good'}"
2020-05-12 ,0,CST,Pierre,SD,44.37,-100.29,PM2.5,17,"{'Number': 1, 'Name': 'Good'}"
2020-05-13 ,0,CST,Pierre,SD,44.37,-100.29,PM2.5,8,"{'Number': 1, 'Name': 'Good'}"
2020-05-14 ,0,CST,Pierre,SD,44.37,-100.29,PM2.5,7,"{'Number': 1, 'Name': 'Good'}"
2020-05-15 ,0,CST,Pierre,SD,44.37,-100.29,PM2.5,16,"{'Number': 1, 'Name': 'Good'}"
2020-05-16 ,0,CST,Pierre,SD,44.37,-100.29,PM2.5,20,"{'Number': 1, 'Name': 'Good'}"
2020-05-17 ,0,CST,Pierre,SD,44.37,-100.29,PM2.5,17,"{'Number': 1, 'Name': 'Good'}"
2020-05-18 ,0,CST,Pierre,SD,44.37,-100.29,PM2.5,11,"{'Number': 1, 'Name': 'Good'}"
2020-05-19 ,0,CST,Pierre,SD,44.37,-100.29,PM2.5,15,"{'Number': 1, 'Name': 'Good'}"
2020-05-20 ,0,CST,Pierre,SD,44.37,-100.29,PM2.5,28,"{'Number': 1, 'Name': 'Good'}"
2020-05-21 ,0,CST,Pierre,SD,44.37,-100.29,PM2.5,8,"{'Number': 1, 'Name': 'Good'}"
2020-05-22 ,0,CST,Pierre,SD,44.37,-100.29,PM2.5,10,"{'Number': 1, 'Name': 'Good'}"
2020-05-23 ,0,CST,Pierre,SD,44.37,-100.29,PM2.5,11,"{'Number': 1, 'Name': 'Good'}"
2020-05-24 ,0,CST,Pierre,SD,44.37,-100.29,PM2.5,18,"{'Number': 1, 'Name': 'Good'}"
2020-05-25 ,0,CST,Pierre,SD,44.37,-100.29,PM2.5,15,"{'Number': 1, 'Name': 'Good'}"
2020-05-26 ,0,CST,Pierre,SD,44.37,-100.29,PM2.5,10,"{'Number': 1, 'Name': 'Good'}"
2020-05-27 ,0,CST,Pierre,SD,44.37,-100.29,PM2.5,4,"{'Number': 1, 'Name': 'Good'}"
2020-05-28 ,0,CST,Pierre,SD,44.37,-100.29,PM2.5,9,"{'Number': 1, 'Name': 'Good'}"
2020-05-29 ,0,CST,Pierre,SD,44.37,-100.29,PM2.5,11,"{'Number': 1, 'Name': 'Good'}"
2020-05-30 ,0,CST,Pierre,SD,44.37,-100.29,PM2.5,9,"{'Number': 1, 'Name': 'Good'}"
2020-05-31 ,0,CST,Pierre,SD,44.37,-100.29,PM2.5,21,"{'Number': 1, 'Name': 'Good'}"
2020-05-01 ,0,CST,Nashville,TN,36.171,-86.785,OZONE,61,"{'Number': 2, 'Name': 'Moderate'}"
2020-05-01 ,0,CST,Nashville,TN,36.171,-86.785,PM2.5,25,"{'Number': 1, 'Name': 'Good'}"
2020-05-02 ,0,CST,Nashville,TN,36.171,-86.785,OZONE,50,"{'Number': 1, 'Name': 'Good'}"
2020-05-02 ,0,CST,Nashville,TN,36.171,-86.785,PM2.5,40,"{'Number': 1, 'Name': 'Good'}"
2020-05-03 ,0,CST,Nashville,TN,36.171,-86.785,OZONE,43,"{'Number': 1, 'Name': 'Good'}"
2020-05-03 ,0,CST,Nashville,TN,36.171,-86.785,PM2.5,35,"{'Number': 1, 'Name': 'Good'}"
2020-05-04 ,0,CST,Nashville,TN,36.171,-86.785,OZONE,43,"{'Number': 1, 'Name': 'Good'}"
2020-05-04 ,0,CST,Nashville,TN,36.171,-86.785,PM2.5,26,"{'Number': 1, 'Name': 'Good'}"
2020-05-05 ,0,CST,Nashville,TN,36.171,-86.785,OZONE,37,"{'Number': 1, 'Name': 'Good'}"
2020-05-05 ,0,CST,Nashville,TN,36.171,-86.785,PM2.5,24,"{'Number': 1, 'Name': 'Good'}"
2020-05-06 ,0,CST,Nashville,TN,36.171,-86.785,OZONE,41,"{'Number': 1, 'Name': 'Good'}"
2020-05-06 ,0,CST,Nashville,TN,36.171,-86.785,PM2.5,26,"{'Number': 1, 'Name': 'Good'}"
2020-05-07 ,0,CST,Nashville,TN,36.171,-86.785,OZONE,47,"{'Number': 1, 'Name': 'Good'}"
2020-05-07 ,0,CST,Nashville,TN,36.171,-86.785,PM2.5,22,"{'Number': 1, 'Name': 'Good'}"
2020-05-08 ,0,CST,Nashville,TN,36.171,-86.785,OZONE,41,"{'Number': 1, 'Name': 'Good'}"
2020-05-08 ,0,CST,Nashville,TN,36.171,-86.785,PM2.5,24,"{'Number': 1, 'Name': 'Good'}"
2020-05-09 ,0,CST,Nashville,TN,36.171,-86.785,OZONE,44,"{'Number': 1, 'Name': 'Good'}"
2020-05-09 ,0,CST,Nashville,TN,36.171,-86.785,PM2.5,18,"{'Number': 1, 'Name': 'Good'}"
2020-05-10 ,0,CST,Nashville,TN,36.171,-86.785,OZONE,46,"{'Number': 1, 'Name': 'Good'}"
2020-05-10 ,0,CST,Nashville,TN,36.171,-86.785,PM2.5,24,"{'Number': 1, 'Name': 'Good'}"
2020-05-11 ,0,CST,Nashville,TN,36.171,-86.785,OZONE,44,"{'Number': 1, 'Name': 'Good'}"
2020-05-11 ,0,CST,Nashville,TN,36.171,-86.785,PM2.5,12,"{'Number': 1, 'Name': 'Good'}"
2020-05-12 ,0,CST,Nashville,TN,36.171,-86.785,OZONE,44,"{'Number': 1, 'Name': 'Good'}"
2020-05-12 ,0,CST,Nashville,TN,36.171,-86.785,PM2.5,26,"{'Number': 1, 'Name': 'Good'}"
2020-05-13 ,0,CST,Nashville,TN,36.171,-86.785,OZONE,40,"{'Number': 1, 'Name': 'Good'}"
2020-05-13 ,0,CST,Nashville,TN,36.171,-86.785,PM2.5,33,"{'Number': 1, 'Name': 'Good'}"
2020-05-14 ,0,CST,Nashville,TN,36.171,-86.785,OZONE,49,"{'Number': 1, 'Name': 'Good'}"
2020-05-14 ,0,CST,Nashville,TN,36.171,-86.785,PM2.5,38,"{'Number': 1, 'Name': 'Good'}"
2020-05-15 ,0,CST,Nashville,TN,36.171,-86.785,OZONE,44,"{'Number': 1, 'Name': 'Good'}"
2020-05-15 ,0,CST,Nashville,TN,36.171,-86.785,PM2.5,38,"{'Number': 1, 'Name': 'Good'}"
2020-05-16 ,0,CST,Nashville,TN,36.171,-86.785,OZONE,44,"{'Number': 1, 'Name': 'Good'}"
2020-05-16 ,0,CST,Nashville,TN,36.171,-86.785,PM2.5,48,"{'Number': 1, 'Name': 'Good'}"
2020-05-17 ,0,CST,Nashville,TN,36.171,-86.785,OZONE,38,"{'Number': 1, 'Name': 'Good'}"
2020-05-17 ,0,CST,Nashville,TN,36.171,-86.785,PM2.5,38,"{'Number': 1, 'Name': 'Good'}"
2020-05-18 ,0,CST,Nashville,TN,36.171,-86.785,OZONE,37,"{'Number': 1, 'Name': 'Good'}"
2020-05-18 ,0,CST,Nashville,TN,36.171,-86.785,PM2.5,20,"{'Number': 1, 'Name': 'Good'}"
2020-05-19 ,0,CST,Nashville,TN,36.171,-86.785,OZONE,30,"{'Number': 1, 'Name': 'Good'}"
2020-05-19 ,0,CST,Nashville,TN,36.171,-86.785,PM2.5,18,"{'Number': 1, 'Name': 'Good'}"
2020-05-20 ,0,CST,Nashville,TN,36.171,-86.785,OZONE,31,"{'Number': 1, 'Name': 'Good'}"
2020-05-20 ,0,CST,Nashville,TN,36.171,-86.785,PM2.5,16,"{'Number': 1, 'Name': 'Good'}"
2020-05-21 ,0,CST,Nashville,TN,36.171,-86.785,OZONE,35,"{'Number': 1, 'Name': 'Good'}"
2020-05-21 ,0,CST,Nashville,TN,36.171,-86.785,PM2.5,13,"{'Number': 1, 'Name': 'Good'}"
2020-05-22 ,0,CST,Nashville,TN,36.171,-86.785,OZONE,34,"{'Number': 1, 'Name': 'Good'}"
2020-05-22 ,0,CST,Nashville,TN,36.171,-86.785,PM2.5,20,"{'Number': 1, 'Name': 'Good'}"
2020-05-23 ,0,CST,Nashville,TN,36.171,-86.785,OZONE,31,"{'Number': 1, 'Name': 'Good'}"
2020-05-23 ,0,CST,Nashville,TN,36.171,-86.785,PM2.5,34,"{'Number': 1, 'Name': 'Good'}"
2020-05-24 ,0,CST,Nashville,TN,36.171,-86.785,OZONE,42,"{'Number': 1, 'Name': 'Good'}"
2020-05-24 ,0,CST,Nashville,TN,36.171,-86.785,PM2.5,26,"{'Number': 1, 'Name': 'Good'}"
2020-05-25 ,0,CST,Nashville,TN,36.171,-86.785,OZONE,38,"{'Number': 1, 'Name': 'Good'}"
2020-05-25 ,0,CST,Nashville,TN,36.171,-86.785,PM2.5,32,"{'Number': 1, 'Name': 'Good'}"
2020-05-26 ,0,CST,Nashville,TN,36.171,-86.785,OZONE,35,"{'Number': 1, 'Name': 'Good'}"
2020-05-26 ,0,CST,Nashville,TN,36.171,-86.785,PM2.5,31,"{'Number': 1, 'Name': 'Good'}"
2020-05-27 ,0,CST,Nashville,TN,36.171,-86.785,OZONE,26,"{'Number': 1, 'Name': 'Good'}"
2020-05-27 ,0,CST,Nashville,TN,36.171,-86.785,PM2.5,16,"{'Number': 1, 'Name': 'Good'}"
2020-05-28 ,0,CST,Nashville,TN,36.171,-86.785,OZONE,40,"{'Number': 1, 'Name': 'Good'}"
2020-05-28 ,0,CST,Nashville,TN,36.171,-86.785,PM2.5,12,"{'Number': 1, 'Name': 'Good'}"
2020-05-29 ,0,CST,Nashville,TN,36.171,-86.785,OZONE,40,"{'Number': 1, 'Name': 'Good'}"
2020-05-29 ,0,CST,Nashville,TN,36.171,-86.785,PM2.5,18,"{'Number': 1, 'Name': 'Good'}"
2020-05-30 ,0,CST,Nashville,TN,36.171,-86.785,OZONE,45,"{'Number': 1, 'Name': 'Good'}"
2020-05-30 ,0,CST,Nashville,TN,36.171,-86.785,PM2.5,26,"{'Number': 1, 'Name': 'Good'}"
2020-05-31 ,0,CST,Nashville,TN,36.171,-86.785,OZONE,44,"{'Number': 1, 'Name': 'Good'}"
2020-05-31 ,0,CST,Nashville,TN,36.171,-86.785,PM2.5,23,"{'Number': 1, 'Name': 'Good'}"
2020-05-01 ,0,CST,Austin,TX,30.267,-97.734,OZONE,77,"{'Number': 2, 'Name': 'Moderate'}"
2020-05-01 ,0,CST,Austin,TX,30.267,-97.734,PM2.5,29,"{'Number': 1, 'Name': 'Good'}"
2020-05-02 ,0,CST,Austin,TX,30.267,-97.734,OZONE,43,"{'Number': 1, 'Name': 'Good'}"
2020-05-02 ,0,CST,Austin,TX,30.267,-97.734,PM2.5,26,"{'Number': 1, 'Name': 'Good'}"
2020-05-03 ,0,CST,Austin,TX,30.267,-97.734,OZONE,40,"{'Number': 1, 'Name': 'Good'}"
2020-05-03 ,0,CST,Austin,TX,30.267,-97.734,PM2.5,33,"{'Number': 1, 'Name': 'Good'}"
2020-05-04 ,0,CST,Austin,TX,30.267,-97.734,OZONE,44,"{'Number': 1, 'Name': 'Good'}"
2020-05-04 ,0,CST,Austin,TX,30.267,-97.734,PM2.5,48,"{'Number': 1, 'Name': 'Good'}"
2020-05-05 ,0,CST,Austin,TX,30.267,-97.734,OZONE,50,"{'Number': 1, 'Name': 'Good'}"
2020-05-05 ,0,CST,Austin,TX,30.267,-97.734,PM2.5,57,"{'Number': 2, 'Name': 'Moderate'}"
2020-05-06 ,0,CST,Austin,TX,30.267,-97.734,OZONE,54,"{'Number': 2, 'Name': 'Moderate'}"
2020-05-06 ,0,CST,Austin,TX,30.267,-97.734,PM2.5,25,"{'Number': 1, 'Name': 'Good'}"
2020-05-07 ,0,CST,Austin,TX,30.267,-97.734,OZONE,45,"{'Number': 1, 'Name': 'Good'}"
2020-05-07 ,0,CST,Austin,TX,30.267,-97.734,PM2.5,40,"{'Number': 1, 'Name': 'Good'}"
2020-05-08 ,0,CST,Austin,TX,30.267,-97.734,OZONE,43,"{'Number': 1, 'Name': 'Good'}"
2020-05-08 ,0,CST,Austin,TX,30.267,-97.734,PM2.5,37,"{'Number': 1, 'Name': 'Good'}"
2020-05-09 ,0,CST,Austin,TX,30.267,-97.734,OZONE,42,"{'Number': 1, 'Name': 'Good'}"
2020-05-09 ,0,CST,Austin,TX,30.267,-97.734,PM2.5,25,"{'Number': 1, 'Name': 'Good'}"
2020-05-10 ,0,CST,Austin,TX,30.267,-97.734,OZONE,46,"{'Number': 1, 'Name': 'Good'}"
2020-05-10 ,0,CST,Austin,TX,30.267,-97.734,PM2.5,35,"{'Number': 1, 'Name': 'Good'}"
2020-05-11 ,0,CST,Austin,TX,30.267,-97.734,OZONE,58,"{'Number': 2, 'Name': 'Moderate'}"
2020-05-11 ,0,CST,Austin,TX,30.267,-97.734,PM2.5,34,"{'Number': 1, 'Name': 'Good'}"
2020-05-12 ,0,CST,Austin,TX,30.267,-97.734,OZONE,26,"{'Number': 1, 'Name': 'Good'}"
2020-05-12 ,0,CST,Austin,TX,30.267,-97.734,PM2.5,27,"{'Number': 1, 'Name': 'Good'}"
2020-05-13 ,0,CST,Austin,TX,30.267,-97.734,OZONE,34,"{'Number': 1, 'Name': 'Good'}"
2020-05-13 ,0,CST,Austin,TX,30.267,-97.734,PM2.5,31,"{'Number': 1, 'Name': 'Good'}"
2020-05-14 ,0,CST,Austin,TX,30.267,-97.734,OZONE,42,"{'Number': 1, 'Name': 'Good'}"
2020-05-14 ,0,CST,Austin,TX,30.267,-97.734,PM2.5,35,"{'Number': 1, 'Name': 'Good'}"
2020-05-15 ,0,CST,Austin,TX,30.267,-97.734,OZONE,36,"{'Number': 1, 'Name': 'Good'}"
2020-05-15 ,0,CST,Austin,TX,30.267,-97.734,PM2.5,50,"{'Number': 1, 'Name': 'Good'}"
2020-05-16 ,0,CST,Austin,TX,30.267,-97.734,OZONE,43,"{'Number': 1, 'Name': 'Good'}"
2020-05-16 ,0,CST,Austin,TX,30.267,-97.734,PM2.5,14,"{'Number': 1, 'Name': 'Good'}"
2020-05-17 ,0,CST,Austin,TX,30.267,-97.734,OZONE,44,"{'Number': 1, 'Name': 'Good'}"
2020-05-17 ,0,CST,Austin,TX,30.267,-97.734,PM2.5,26,"{'Number': 1, 'Name': 'Good'}"
2020-05-18 ,0,CST,Austin,TX,30.267,-97.734,OZONE,80,"{'Number': 2, 'Name': 'Moderate'}"
2020-05-18 ,0,CST,Austin,TX,30.267,-97.734,PM2.5,37,"{'Number': 1, 'Name': 'Good'}"
2020-05-19 ,0,CST,Austin,TX,30.267,-97.734,OZONE,54,"{'Number': 2, 'Name': 'Moderate'}"
2020-05-19 ,0,CST,Austin,TX,30.267,-97.734,PM2.5,44,"{'Number': 1, 'Name': 'Good'}"
2020-05-20 ,0,CST,Austin,TX,30.267,-97.734,OZONE,43,"{'Number': 1, 'Name': 'Good'}"
2020-05-20 ,0,CST,Austin,TX,30.267,-97.734,PM2.5,64,"{'Number': 2, 'Name': 'Moderate'}"
2020-05-21 ,0,CST,Austin,TX,30.267,-97.734,OZONE,36,"{'Number': 1, 'Name': 'Good'}"
2020-05-21 ,0,CST,Austin,TX,30.267,-97.734,PM2.5,61,"{'Number': 2, 'Name': 'Moderate'}"
2020-05-22 ,0,CST,Austin,TX,30.267,-97.734,OZONE,38,"{'Number': 1, 'Name': 'Good'}"
2020-05-22 ,0,CST,Austin,TX,30.267,-97.734,PM2.5,58,"{'Number': 2, 'Name': 'Moderate'}"
2020-05-23 ,0,CST,Austin,TX,30.267,-97.734,OZONE,28,"{'Number': 1, 'Name': 'Good'}"
2020-05-23 ,0,CST,Austin,TX,30.267,-97.734,PM2.5,54,"{'Number': 2, 'Name': 'Moderate'}"
2020-05-24 ,0,CST,Austin,TX,30.267,-97.734,OZONE,32,"{'Number': 1, 'Name': 'Good'}"
2020-05-24 ,0,CST,Austin,TX,30.267,-97.734,PM2.5,36,"{'Number': 1, 'Name': 'Good'}"
2020-05-25 ,0,CST,Austin,TX,30.267,-97.734,OZONE,36,"{'Number': 1, 'Name': 'Good'}"
2020-05-25 ,0,CST,Austin,TX,30.267,-97.734,PM2.5,14,"{'Number': 1, 'Name': 'Good'}"
2020-05-26 ,0,CST,Austin,TX,30.267,-97.734,OZONE,38,"{'Number': 1, 'Name': 'Good'}"
2020-05-26 ,0,CST,Austin,TX,30.267,-97.734,PM2.5,20,"{'Number': 1, 'Name': 'Good'}"
2020-05-27 ,0,CST,Austin,TX,30.267,-97.734,OZONE,40,"{'Number': 1, 'Name': 'Good'}"
2020-05-27 ,0,CST,Austin,TX,30.267,-97.734,PM2.5,29,"{'Number': 1, 'Name': 'Good'}"
2020-05-28 ,0,CST,Austin,TX,30.267,-97.734,OZONE,35,"{'Number': 1, 'Name': 'Good'}"
2020-05-28 ,0,CST,Austin,TX,30.267,-97.734,PM2.5,24,"{'Number': 1, 'Name': 'Good'}"
2020-05-29 ,0,CST,Austin,TX,30.267,-97.734,OZONE,47,"{'Number': 1, 'Name': 'Good'}"
2020-05-29 ,0,CST,Austin,TX,30.267,-97.734,PM2.5,24,"{'Number': 1, 'Name': 'Good'}"
2020-05-30 ,0,CST,Austin,TX,30.267,-97.734,OZONE,46,"{'Number': 1, 'Name': 'Good'}"
2020-05-30 ,0,CST,Austin,TX,30.267,-97.734,PM2.5,27,"{'Number': 1, 'Name': 'Good'}"
2020-05-31 ,0,CST,Austin,TX,30.267,-97.734,OZONE,40,"{'Number': 1, 'Name': 'Good'}"
2020-05-31 ,0,CST,Austin,TX,30.267,-97.734,PM2.5,46,"{'Number': 1, 'Name': 'Good'}"
2020-05-01 ,0,MST,Salt Lake City,UT,40.777,-111.93,OZONE,38,"{'Number': 1, 'Name': 'Good'}"
2020-05-01 ,0,MST,Salt Lake City,UT,40.777,-111.93,PM2.5,33,"{'Number': 1, 'Name': 'Good'}"
2020-05-02 ,0,MST,Salt Lake City,UT,40.777,-111.93,OZONE,49,"{'Number': 1, 'Name': 'Good'}"
2020-05-02 ,0,MST,Salt Lake City,UT,40.777,-111.93,PM2.5,32,"{'Number': 1, 'Name': 'Good'}"
2020-05-03 ,0,MST,Salt Lake City,UT,40.777,-111.93,OZONE,44,"{'Number': 1, 'Name': 'Good'}"
2020-05-03 ,0,MST,Salt Lake City,UT,40.777,-111.93,PM2.5,23,"{'Number': 1, 'Name': 'Good'}"
2020-05-04 ,0,MST,Salt Lake City,UT,40.777,-111.93,OZONE,54,"{'Number': 2, 'Name': 'Moderate'}"
2020-05-04 ,0,MST,Salt Lake City,UT,40.777,-111.93,PM2.5,21,"{'Number': 1, 'Name': 'Good'}"
2020-05-05 ,0,MST,Salt Lake City,UT,40.777,-111.93,OZONE,67,"{'Number': 2, 'Name': 'Moderate'}"
2020-05-05 ,0,MST,Salt Lake City,UT,40.777,-111.93,PM2.5,28,"{'Number': 1, 'Name': 'Good'}"
2020-05-06 ,0,MST,Salt Lake City,UT,40.777,-111.93,OZONE,67,"{'Number': 2, 'Name': 'Moderate'}"
2020-05-06 ,0,MST,Salt Lake City,UT,40.777,-111.93,PM2.5,49,"{'Number': 1, 'Name': 'Good'}"
2020-05-07 ,0,MST,Salt Lake City,UT,40.777,-111.93,OZONE,64,"{'Number': 2, 'Name': 'Moderate'}"
2020-05-07 ,0,MST,Salt Lake City,UT,40.777,-111.93,PM2.5,19,"{'Number': 1, 'Name': 'Good'}"
2020-05-08 ,0,MST,Salt Lake City,UT,40.777,-111.93,OZONE,80,"{'Number': 2, 'Name': 'Moderate'}"
2020-05-08 ,0,MST,Salt Lake City,UT,40.777,-111.93,PM2.5,34,"{'Number': 1, 'Name': 'Good'}"
2020-05-09 ,0,MST,Salt Lake City,UT,40.777,-111.93,OZONE,90,"{'Number': 2, 'Name': 'Moderate'}"
2020-05-09 ,0,MST,Salt Lake City,UT,40.777,-111.93,PM2.5,36,"{'Number': 1, 'Name': 'Good'}"
2020-05-10 ,0,MST,Salt Lake City,UT,40.777,-111.93,OZONE,87,"{'Number': 2, 'Name': 'Moderate'}"
2020-05-10 ,0,MST,Salt Lake City,UT,40.777,-111.93,PM2.5,39,"{'Number': 1, 'Name': 'Good'}"
2020-05-11 ,0,MST,Salt Lake City,UT,40.777,-111.93,OZONE,58,"{'Number': 2, 'Name': 'Moderate'}"
2020-05-11 ,0,MST,Salt Lake City,UT,40.777,-111.93,PM2.5,34,"{'Number': 1, 'Name': 'Good'}"
2020-05-12 ,0,MST,Salt Lake City,UT,40.777,-111.93,OZONE,47,"{'Number': 1, 'Name': 'Good'}"
2020-05-12 ,0,MST,Salt Lake City,UT,40.777,-111.93,PM2.5,46,"{'Number': 1, 'Name': 'Good'}"
2020-05-13 ,0,MST,Salt Lake City,UT,40.777,-111.93,OZONE,49,"{'Number': 1, 'Name': 'Good'}"
2020-05-13 ,0,MST,Salt Lake City,UT,40.777,-111.93,PM2.5,32,"{'Number': 1, 'Name': 'Good'}"
2020-05-14 ,0,MST,Salt Lake City,UT,40.777,-111.93,OZONE,49,"{'Number': 1, 'Name': 'Good'}"
2020-05-14 ,0,MST,Salt Lake City,UT,40.777,-111.93,PM2.5,26,"{'Number': 1, 'Name': 'Good'}"
2020-05-15 ,0,MST,Salt Lake City,UT,40.777,-111.93,OZONE,44,"{'Number': 1, 'Name': 'Good'}"
2020-05-15 ,0,MST,Salt Lake City,UT,40.777,-111.93,PM2.5,31,"{'Number': 1, 'Name': 'Good'}"
2020-05-16 ,0,MST,Salt Lake City,UT,40.777,-111.93,OZONE,51,"{'Number': 2, 'Name': 'Moderate'}"
2020-05-16 ,0,MST,Salt Lake City,UT,40.777,-111.93,PM2.5,34,"{'Number': 1, 'Name': 'Good'}"
2020-05-17 ,0,MST,Salt Lake City,UT,40.777,-111.93,OZONE,48,"{'Number': 1, 'Name': 'Good'}"
2020-05-17 ,0,MST,Salt Lake City,UT,40.777,-111.93,PM2.5,50,"{'Number': 1, 'Name': 'Good'}"
2020-05-18 ,0,MST,Salt Lake City,UT,40.777,-111.93,OZONE,48,"{'Number': 1, 'Name': 'Good'}"
2020-05-18 ,0,MST,Salt Lake City,UT,40.777,-111.93,PM2.5,32,"{'Number': 1, 'Name': 'Good'}"
2020-05-19 ,0,MST,Salt Lake City,UT,40.777,-111.93,OZONE,46,"{'Number': 1, 'Name': 'Good'}"
2020-05-19 ,0,MST,Salt Lake City,UT,40.777,-111.93,PM2.5,52,"{'Number': 2, 'Name': 'Moderate'}"
2020-05-20 ,0,MST,Salt Lake City,UT,40.777,-111.93,OZONE,43,"{'Number': 1, 'Name': 'Good'}"
2020-05-20 ,0,MST,Salt Lake City,UT,40.777,-111.93,PM2.5,38,"{'Number': 1, 'Name': 'Good'}"
2020-05-21 ,0,MST,Salt Lake City,UT,40.777,-111.93,OZONE,54,"{'Number': 2, 'Name': 'Moderate'}"
2020-05-21 ,0,MST,Salt Lake City,UT,40.777,-111.93,PM2.5,23,"{'Number': 1, 'Name': 'Good'}"
2020-05-22 ,0,MST,Salt Lake City,UT,40.777,-111.93,OZONE,43,"{'Number': 1, 'Name': 'Good'}"
2020-05-22 ,0,MST,Salt Lake City,UT,40.777,-111.93,PM2.5,31,"{'Number': 1, 'Name': 'Good'}"
2020-05-23 ,0,MST,Salt Lake City,UT,40.777,-111.93,OZONE,43,"{'Number': 1, 'Name': 'Good'}"
2020-05-23 ,0,MST,Salt Lake City,UT,40.777,-111.93,PM2.5,16,"{'Number': 1, 'Name': 'Good'}"
2020-05-24 ,0,MST,Salt Lake City,UT,40.777,-111.93,OZONE,42,"{'Number': 1, 'Name': 'Good'}"
2020-05-24 ,0,MST,Salt Lake City,UT,40.777,-111.93,PM2.5,26,"{'Number': 1, 'Name': 'Good'}"
2020-05-25 ,0,MST,Salt Lake City,UT,40.777,-111.93,OZONE,48,"{'Number': 1, 'Name': 'Good'}"
2020-05-25 ,0,MST,Salt Lake City,UT,40.777,-111.93,PM2.5,68,"{'Number': 2, 'Name': 'Moderate'}"
2020-05-26 ,0,MST,Salt Lake City,UT,40.777,-111.93,OZONE,67,"{'Number': 2, 'Name': 'Moderate'}"
2020-05-26 ,0,MST,Salt Lake City,UT,40.777,-111.93,PM2.5,29,"{'Number': 1, 'Name': 'Good'}"
2020-05-27 ,0,MST,Salt Lake City,UT,40.777,-111.93,OZONE,44,"{'Number': 1, 'Name': 'Good'}"
2020-05-27 ,0,MST,Salt Lake City,UT,40.777,-111.93,PM2.5,53,"{'Number': 2, 'Name': 'Moderate'}"
2020-05-28 ,0,MST,Salt Lake City,UT,40.777,-111.93,OZONE,47,"{'Number': 1, 'Name': 'Good'}"
2020-05-28 ,0,MST,Salt Lake City,UT,40.777,-111.93,PM2.5,43,"{'Number': 1, 'Name': 'Good'}"
2020-05-29 ,0,MST,Salt Lake City,UT,40.777,-111.93,OZONE,49,"{'Number': 1, 'Name': 'Good'}"
2020-05-29 ,0,MST,Salt Lake City,UT,40.777,-111.93,PM2.5,41,"{'Number': 1, 'Name': 'Good'}"
2020-05-30 ,0,MST,Salt Lake City,UT,40.777,-111.93,OZONE,48,"{'Number': 1, 'Name': 'Good'}"
2020-05-30 ,0,MST,Salt Lake City,UT,40.777,-111.93,PM2.5,25,"{'Number': 1, 'Name': 'Good'}"
2020-05-31 ,0,MST,Salt Lake City,UT,40.777,-111.93,OZONE,49,"{'Number': 1, 'Name': 'Good'}"
2020-05-31 ,0,MST,Salt Lake City,UT,40.777,-111.93,PM2.5,36,"{'Number': 1, 'Name': 'Good'}"
